specimen_id,knn_subclass,knn_subclass_conf,knn_supertype,knn_supertype_conf,knn_mean_dist
P1S4_170214_008_A01,Lamp5,1.0,Lamp5_2,0.9333333333333333,12.675798098246256
P5S4_170509_207_A01,Vip,0.8,Vip_2,0.4666666666666667,15.537081909179687
P2S4_170523_066_A01,Pvalb,1.0,Pvalb_15,1.0,8.424897734324137
P2S4_170523_068_A01,Pvalb,1.0,Pvalb_15,0.7333333333333333,12.84251225789388
P5S4_170523_205_A01,Vip,1.0,Vip_21,0.4,13.849726740519205
P5S4_170530_206_A01,Vip,1.0,Vip_11,0.4,11.449759356180827
P2S4_170613_061_A01,Sncg,0.6666666666666666,Sncg_6,0.5333333333333333,11.242504946390788
P2S4_170613_063_A01,Pax6,0.8,Pax6_1,0.4,16.654658953348797
P1S4_170614_006_A01,Vip,1.0,Vip_9,0.7333333333333333,14.033572642008464
P8S4_170711_351_A01,Vip,1.0,Vip_15,1.0,10.901950263977051
P8S4_170919_357_A01,Vip,1.0,Vip_23,0.9333333333333333,10.026272837320963
P8S4_170919_355_A01,Vip,1.0,Vip_2,1.0,9.038153743743896
PBS4_171011_502_A01,Pvalb,1.0,Pvalb_1,0.4,9.418070793151855
P8S4_171010_358_A01,Pvalb,1.0,Pvalb_6,0.6,12.97124366760254
P9S4_171026_405_A01,Pvalb,1.0,Pvalb_6,0.9333333333333333,12.980912144978841
P2S4_171219_057_A01,Vip,1.0,Vip_11,0.6666666666666666,11.516865666707357
P8S4_171220_351_A01,Pvalb,1.0,Pvalb_15,0.8,10.84929567972819
PAS4_171219_452_A01,Lamp5 Lhx6,1.0,Lamp5_Lhx6_1,1.0,10.162792587280274
PBS4_171219_502_A01,Sst,0.9333333333333333,Sst_10,0.7333333333333333,15.955137252807617
P2S4_170131_058_A01,Vip,1.0,Vip_19,0.5333333333333333,12.380215962727865
P1S4_170131_002_A01,Vip,1.0,Vip_1,0.6666666666666666,14.938456916809082
P1S4_170301_006_A01,Pax6,0.6666666666666666,Pax6_1,0.5333333333333333,10.3673885345459
P8S4_170822_352_A01,Vip,1.0,Vip_11,0.5333333333333333,11.295626449584962
P8S4_170822_356_A01,Vip,1.0,Vip_2,0.5333333333333333,14.271392440795898
P8S4_170821_360_A01,Vip,1.0,Vip_1,0.5333333333333333,13.412182362874349
P5S4_170821_209_A01,Vip,1.0,Vip_4,0.6,12.489516258239746
P8S4_171017_351_A01,Lamp5,1.0,Lamp5_2,0.7333333333333333,8.844144185384115
P2S4_171016_055_A01,Pvalb,1.0,Pvalb_1,0.4666666666666667,9.115848032633464
PBS4_171205_502_A01,Lamp5,1.0,Lamp5_2,0.9333333333333333,12.491175969441732
PBS4_171205_507_A01,Lamp5 Lhx6,0.8,Lamp5_Lhx6_1,0.8,12.09866771697998
P8S4_171205_351_A01,Vip,1.0,Vip_5,0.6,10.445496622721354
P8S4_171205_354_A01,Lamp5 Lhx6,1.0,Lamp5_Lhx6_1,1.0,8.053558127085369
P9S4_171205_406_A01,Sst,0.9333333333333333,Sst_23,0.8666666666666667,12.462658182779949
PXS4_171207_051_A01,Pvalb,0.5333333333333333,Sst_23,0.4666666666666667,9.103353309631348
P9S4_171013_403_A01,Pvalb,1.0,Pvalb_6,1.0,12.348048146565755
PBS4_171127_501_A01,Pvalb,0.6666666666666666,Pvalb_6,0.6666666666666666,13.49039134979248
P8S4_171127_354_A01,Vip,1.0,Vip_9,0.9333333333333333,13.147159258524576
P8S4_171127_352_A01,Vip,1.0,Vip_9,0.8,12.345688883463541
P8S4_171127_353_A01,Pvalb,0.5333333333333333,Sst_9,0.3333333333333333,12.30298932393392
PBS4_171212_504_A01,Pvalb,1.0,Pvalb_15,0.6,5.378344758351644
PBS4_171212_505_A01,Lamp5 Lhx6,1.0,Lamp5_Lhx6_1,1.0,20.80841064453125
P8S4_180109_360_A01,Pvalb,1.0,Pvalb_6,1.0,10.923102633158367
P1S4_180220_003_A01,Vip,1.0,Vip_2,1.0,11.259551620483398
PBS4_180221_502_A01,Lamp5,0.7333333333333333,Lamp5_2,0.6,14.121484820048014
PBS4_180221_501_A01,Vip,1.0,Vip_9,1.0,10.567519378662109
PBS4_180313_508_A01,Vip,1.0,Vip_13,0.8,22.551266352335613
P9S4_180313_406_A01,Vip,1.0,Vip_1,0.7333333333333333,18.553825759887694
P8S4_180313_356_A01,Sst,1.0,Sst_19,0.8666666666666667,11.01210740407308
PBS4_180320_508_A01,Sst,1.0,Sst_3,1.0,14.380241012573242
PBS4_180320_507_A01,Pvalb,1.0,Pvalb_15,0.7333333333333333,12.887736256917318
P2S4_180320_058_A01,Vip,1.0,Vip_1,0.7333333333333333,10.88094596862793
P8S4_180327_355_A01,Pvalb,0.9333333333333333,Pvalb_15,0.4666666666666667,13.228075663248697
P9S4_180327_404_A01,Vip,1.0,Vip_12,0.4666666666666667,11.615471839904785
P8S4_180417_359_A01,Vip,1.0,Vip_9,0.9333333333333333,12.031322542826334
P8S4_180417_362_A01,Vip,1.0,Vip_6,0.7333333333333333,7.116980107625325
P8S4_180417_363_A01,Pvalb,1.0,Pvalb_15,0.9333333333333333,6.384438641866049
P8S4_180417_365_A01,Pax6,1.0,Pax6_4,0.9333333333333333,7.490370496114095
P8S4_180417_367_A01,Pvalb,1.0,Pvalb_15,0.8,9.071638615926107
PBS4_180417_511_A01,Pvalb,1.0,Pvalb_15,1.0,11.527139027913412
P9S4_180417_411_A01,Lamp5,1.0,Lamp5_2,0.9333333333333333,12.056272761027019
P2S4_180424_055_A01,Vip,1.0,Vip_1,0.5333333333333333,14.597862052917481
P8S4_180424_363_A01,Pvalb,0.9333333333333333,Pvalb_6,0.7333333333333333,10.73640842437744
PCS4_210129_653_A01,Sst Chodl,1.0,Sst Chodl_2,1.0,17.762553024291993
P8S4_180424_361_A01,Vip,1.0,Vip_1,0.4666666666666667,14.542671902974446
P8S4_180424_365_A01,Pvalb,1.0,Pvalb_15,0.9333333333333333,7.1387864112854
P9S4_180508_416_A01,Vip,1.0,Vip_11,0.26666666666666666,10.352339553833009
P9S4_180508_417_A01,Chandelier,1.0,Chandelier_1,1.0,7.281982326507569
PBS4_180508_509_A01,Vip,1.0,Vip_4,0.7333333333333333,10.203923479715984
P8S4_180508_359_A01,Pvalb,0.8666666666666667,Pvalb_6,0.8666666666666667,12.098581631978353
PBS4_180508_510_A01,Pvalb,1.0,Pvalb_15,0.9333333333333333,13.299181429545085
P8S4_180508_366_A01,Pvalb,0.7333333333333333,Pvalb_6,0.7333333333333333,14.812743759155273
PBS4_180508_513_A01,Vip,1.0,Vip_12,0.5333333333333333,11.622679837544759
P8S4_180508_367_A01,Pvalb,1.0,Pvalb_6,1.0,10.813630040486654
PBS4_180518_507_A01,Vip,1.0,Vip_1,0.8,17.64168841044108
P9S4_180522_405_A01,Vip,1.0,Vip_9,0.9333333333333333,12.032445335388184
P8S4_180522_354_A01,Vip,1.0,Vip_9,0.9333333333333333,9.121843338012695
P8S4_180522_359_A01,Pvalb,1.0,Pvalb_15,1.0,8.725566196441651
P1S4_180522_002_A01,Pvalb,1.0,Pvalb_14,0.6,5.823352909088134
PBS4_180522_504_A01,Pvalb,1.0,Pvalb_14,0.9333333333333333,8.073166942596435
P2S4_180522_052_A01,Pvalb,0.8666666666666667,Pvalb_6,0.3333333333333333,11.71733964284261
PBS4_180522_507_A01,Sst,1.0,Sst_10,1.0,10.862579091389973
P9S4_180522_409_A01,Sst Chodl,0.9333333333333333,Sst Chodl_1,0.9333333333333333,27.519983291625977
PBS4_180717_509_A01,Lamp5 Lhx6,1.0,Lamp5_Lhx6_1,1.0,7.510624186197917
P9S4_180717_412_A01,Pvalb,0.8,Pvalb_7,0.7333333333333333,22.624116897583008
P9S4_180717_417_A01,Pvalb,1.0,Pvalb_9,0.6666666666666666,14.907264582316081
PBS4_180717_515_A01,Lamp5 Lhx6,1.0,Lamp5_Lhx6_1,1.0,8.571780967712403
P8S4_180717_361_A01,Pvalb,1.0,Pvalb_14,0.6666666666666666,7.5750378926595054
P8S4_180717_362_A01,Pvalb,1.0,Pvalb_2,0.8666666666666667,7.410373369852702
PAS4_180717_453_A01,Vip,1.0,Vip_6,0.8,11.371769523620605
PBS4_180717_512_A01,Pvalb,1.0,Pvalb_2,0.4,12.088890329996746
P8S4_180718_353_A01,Vip,1.0,Vip_9,0.8666666666666667,9.520832125345866
PBS4_180717_514_A01,Pvalb,1.0,Pvalb_15,0.7333333333333333,13.148090807596843
PAS4_180718_452_A01,Vip,1.0,Vip_15,1.0,8.759917132059734
PAS4_180718_451_A01,Vip,1.0,Vip_6,0.7333333333333333,7.4298324902852375
P8S4_180807_360_A01,Lamp5,1.0,Lamp5_2,0.9333333333333333,7.5472685178120935
P8S4_180807_367_A01,Pax6,1.0,Pax6_4,0.8,13.850049146016438
P8S4_180807_370_A01,Pvalb,1.0,Pvalb_6,1.0,11.400077692667644
PBS4_180807_511_A01,Sst,0.6,Pvalb_6,0.4,14.049083582560222
PBS4_180807_513_A01,Pvalb,1.0,Pvalb_6,1.0,12.273652331034343
PXS4_180810_002_A01,Sst,1.0,Sst_10,0.6,12.700161361694336
PXS4_180810_402_A01,Sst,0.8,Sst_2,0.8,9.387887891133627
P8S4_180807_364_A01,Pvalb,1.0,Pvalb_2,0.8,7.205957698822021
P8S4_180807_368_A01,Pvalb,1.0,Pvalb_15,0.7333333333333333,6.4647603034973145
PBS4_180807_514_A01,Pvalb,0.8666666666666667,Pvalb_6,0.8666666666666667,12.820318857828775
PXS4_180810_404_A01,Sst,1.0,Sst_23,0.7333333333333333,7.272234280904134
P8S4_180807_365_A01,Vip,1.0,Vip_9,0.3333333333333333,17.402530415852866
P8S4_180807_366_A01,Vip,1.0,Vip_4,0.8,12.211145655314128
P8S4_180807_361_A01,Sst,0.8,Sst_9,0.4666666666666667,13.551637967427572
P9S4_180808_405_A01,Pvalb,1.0,Pvalb_1,0.8,11.9083163579305
P2S4_180808_051_A01,Sst Chodl,1.0,Sst Chodl_1,1.0,53.906605275472
P2S4_180808_055_A01,Pvalb,1.0,Pvalb_9,1.0,12.749463844299317
P8S4_180815_351_A01,Vip,1.0,Vip_9,0.6666666666666666,6.656054306030273
P8S4_180822_351_A01,Vip,1.0,Vip_23,1.0,23.458474731445314
P8S4_180815_353_A01,Vip,1.0,Vip_4,0.9333333333333333,9.035664939880371
P8S4_180912_351_A01,Pvalb,1.0,Pvalb_10,0.4,7.248956839243571
PXS4_180927_352_A01,Pvalb,1.0,Pvalb_2,0.6666666666666666,7.328797435760498
PES4_180926_654_A01,Sncg,1.0,Sncg_4,0.6666666666666666,8.68615083694458
PES4_180925_655_A01,Pvalb,1.0,Pvalb_2,0.5333333333333333,11.457590611775716
P8S4_180925_360_A01,Sncg,1.0,Sncg_6,1.0,6.723144149780273
P8S4_180925_363_A01,Vip,1.0,Vip_6,0.9333333333333333,8.60898790359497
P1S4_180926_003_A01,Vip,1.0,Vip_18,0.26666666666666666,13.144121742248535
PXS4_181005_354_A01,Chandelier,1.0,Chandelier_2,0.8,13.08893445332845
PXS4_181004_351_A01,Pvalb,1.0,Pvalb_10,0.6,8.93385550181071
P8S4_180926_352_A01,Pvalb,1.0,Pvalb_15,0.7333333333333333,9.4625031153361
PXS4_181005_353_A01,Vip,1.0,Vip_9,0.8666666666666667,8.298014990488689
PAS4_180925_459_A01,Pvalb,1.0,Pvalb_15,0.3333333333333333,8.217724831899007
PXS4_181004_352_A01,Sst,1.0,Sst_7,0.9333333333333333,10.111527919769287
P8S4_180925_365_A01,Vip,1.0,Vip_4,1.0,10.718890953063966
PBS4_180926_507_A01,Pvalb,1.0,Pvalb_2,0.6666666666666666,9.58657112121582
P8S4_180926_353_A01,Sst,1.0,Sst_5,0.8,6.529088815053304
PES4_181023_657_A01,Pvalb,1.0,Pvalb_15,0.8,7.239880466461182
PBS4_181023_505_A01,Chandelier,1.0,Chandelier_1,0.6,17.433550135294595
P2S4_181030_051_A01,Lamp5,1.0,Lamp5_2,1.0,5.445920848846436
P8S4_181030_356_A01,Vip,1.0,Vip_6,0.8666666666666667,9.067511558532715
P8S4_181030_358_A01,Pvalb,1.0,Pvalb_1,1.0,8.42989714940389
PES4_181030_659_A01,Lamp5 Lhx6,1.0,Lamp5_Lhx6_1,1.0,9.750219090779622
PES4_181030_661_A01,Pvalb,1.0,Pvalb_1,0.8666666666666667,15.563668696085612
PBS4_181030_507_A01,Pvalb,1.0,Pvalb_6,1.0,11.544834899902344
P8S4_181030_353_A01,Pax6,0.4666666666666667,Pax6_4,0.4666666666666667,10.112127113342286
P2S4_181030_053_A01,Pvalb,1.0,Pvalb_2,0.8666666666666667,7.538198979695638
PES4_181106_655_A01,Lamp5 Lhx6,1.0,Lamp5_Lhx6_1,1.0,9.325422604878744
P8S4_181127_357_A01,Sncg,0.8666666666666667,Sncg_6,0.8666666666666667,10.029201825459799
PES4_181127_655_A01,Pvalb,1.0,Pvalb_15,0.7333333333333333,14.415346145629883
PES4_181127_658_A01,Vip,1.0,Vip_4,0.5333333333333333,9.540581448872883
PBS4_181219_503_A01,Lamp5 Lhx6,1.0,Lamp5_Lhx6_1,1.0,6.587325191497802
PBS4_181218_502_A01,Lamp5,1.0,Lamp5_2,0.9333333333333333,8.09852482477824
PBS4_181218_504_A01,Vip,1.0,Vip_4,1.0,13.749867375691732
PBS4_181218_507_A01,Vip,1.0,Vip_1,0.8,19.58286870320638
P2S4_181218_051_A01,Lamp5 Lhx6,1.0,Lamp5_Lhx6_1,1.0,9.070349756876627
P2S4_181218_053_A01,Vip,1.0,Vip_11,0.5333333333333333,11.286984380086263
PES4_181218_658_A01,Lamp5 Lhx6,1.0,Lamp5_Lhx6_1,1.0,8.197268104553222
PFS4_181218_704_A01,Pvalb,1.0,Pvalb_15,0.6666666666666666,8.357604821523031
PES4_181218_656_A01,Lamp5,1.0,Lamp5_2,0.9333333333333333,10.272774378458658
PBS4_181218_508_A01,Pvalb,1.0,Pvalb_3,0.6,7.316278870900472
PBS4_181218_505_A01,Pvalb,1.0,Pvalb_9,0.5333333333333333,17.18841158548991
PBS4_181218_506_A01,Pvalb,1.0,Pvalb_15,0.8,13.716361363728842
PBS4_180326_506_A01,Pvalb,1.0,Pvalb_2,0.4666666666666667,10.196815490722656
P8S4_180611_356_A01,Pax6,1.0,Pax6_1,1.0,10.274312973022461
P8S4_180611_357_A01,Pvalb,1.0,Pvalb_15,1.0,7.948310502370199
P8S4_180611_360_A01,Pvalb,1.0,Pvalb_15,0.5333333333333333,8.950455538431804
P9S4_180730_417_A01,Pvalb,0.9333333333333333,Pvalb_6,0.9333333333333333,10.88439089457194
P8S4_180815_364_A01,Pax6,0.8666666666666667,Pax6_4,0.8666666666666667,9.466646512349447
P8S4_180815_365_A01,Vip,1.0,Vip_1,0.6666666666666666,15.860758527119954
PBS4_180815_508_A01,Pvalb,1.0,Pvalb_2,0.8,10.907793362935385
PBS4_180815_510_A01,Vip,1.0,Vip_9,0.4,12.968057505289714
P8S4_180816_352_A01,Pvalb,1.0,Pvalb_15,0.9333333333333333,9.30253562927246
P8S4_180816_357_A01,Vip,1.0,Vip_2,0.6,15.520736122131348
P2S4_180816_051_A01,Pvalb,1.0,Pvalb_2,0.7333333333333333,7.1482141494750975
P8S4_180815_369_A01,Sst,0.5333333333333333,Sst_2,0.5333333333333333,11.694965235392253
P8S4_180815_367_A01,Pvalb,1.0,Pvalb_3,0.6666666666666666,7.515680376688639
PXS4_181002_355_A01,Vip,1.0,Vip_4,1.0,16.66349366505941
PXS4_181002_356_A01,Chandelier,1.0,Chandelier_2,0.7333333333333333,19.410413869222005
PXS4_181002_357_A01,Pvalb,1.0,Pvalb_8,0.3333333333333333,13.752097002665202
PXS4_181002_354_A01,Pvalb,1.0,Pvalb_2,0.7333333333333333,8.134987099965413
P8S4_181003_353_A01,Pvalb,1.0,Pvalb_1,0.9333333333333333,15.3375945409139
P8S4_181003_355_A01,Pvalb,1.0,Pvalb_15,1.0,6.679967657725016
PES4_181022_657_A01,Lamp5,1.0,Lamp5_2,0.8666666666666667,6.184413433074951
PFS4_181022_707_A01,Pvalb,1.0,Pvalb_15,0.6666666666666666,6.491865603129069
PAS4_181022_456_A01,Pvalb,1.0,Pvalb_6,0.7333333333333333,9.40612932840983
PAS4_181022_458_A01,Lamp5,1.0,Lamp5_2,1.0,5.5672532717386884
PAS4_181022_457_A01,Sst,1.0,Sst_25,1.0,8.757059478759766
P2S4_181022_054_A01,Sncg,0.9333333333333333,Sncg_6,0.5333333333333333,12.021230570475261
P8S4_181025_360_A01,Pax6,1.0,Pax6_3,0.8666666666666667,10.331426747639973
PAS4_181025_453_A01,Vip,0.9333333333333333,Vip_4,0.8666666666666667,13.417227999369304
P8S4_181120_352_A01,Pvalb,0.8666666666666667,Pvalb_6,0.8666666666666667,13.279487546284994
PFS4_181120_701_A01,Sst,1.0,Sst_19,0.8666666666666667,14.720874468485514
PAS4_181120_451_A01,Pvalb,0.8,Pvalb_6,0.6666666666666666,13.105502128601074
PES4_181120_654_A01,Vip,1.0,Vip_12,0.6,11.852349599202475
P1S4_181211_001_A01,Pvalb,1.0,Pvalb_2,0.7333333333333333,7.765863196055094
P8S4_181211_359_A01,Pax6,1.0,Pax6_3,0.8666666666666667,12.003766441345215
PBS4_181212_501_A01,Pax6,1.0,Pax6_2,1.0,8.446394634246825
PBS4_181211_502_A01,Pvalb,1.0,Pvalb_1,1.0,16.468265024820962
PAS4_181211_452_A01,Pvalb,1.0,Pvalb_2,0.6666666666666666,8.330336888631185
PAS4_181211_456_A01,Pvalb,0.5333333333333333,Pvalb_6,0.4666666666666667,14.10410696665446
PES4_181211_652_A01,Lamp5 Lhx6,1.0,Lamp5_Lhx6_1,1.0,6.353243859608968
P8S4_181211_351_A01,Sncg,0.8,Sncg_6,0.6,10.839462153116862
P8S4_181211_352_A01,Chandelier,1.0,Chandelier_1,0.6,12.022091166178386
P8S4_181211_356_A01,Pvalb,1.0,Pvalb_15,0.9333333333333333,12.534204864501953
P1S4_181212_001_A01,Pvalb,1.0,Pvalb_15,1.0,8.782157643636067
P1S4_181212_002_A01,Vip,1.0,Vip_5,1.0,11.383344078063965
PXS4_181219_352_A01,Pax6,1.0,Pax6_3,0.7333333333333333,7.750054740905762
PXS4_181219_353_A01,Pvalb,1.0,Pvalb_15,1.0,10.297958374023438
PBS4_181212_502_A01,Pvalb,1.0,Pvalb_5,0.6,7.29130802154541
PBS4_181212_503_A01,Pvalb,1.0,Pvalb_3,0.9333333333333333,7.800197378794352
PAS4_181211_454_A01,Pvalb,0.8666666666666667,Pvalb_6,0.8666666666666667,15.601481056213379
PXS4_181217_354_A01,Sst,1.0,Sst_1,1.0,7.804298782348633
P2S4_180621_054_A01,Vip,1.0,Vip_6,0.5333333333333333,10.201170984903971
PBS4_180621_505_A01,Lamp5,1.0,Lamp5_2,0.8,7.528702068328857
P9S4_180621_401_A01,Vip,1.0,Vip_9,0.7333333333333333,7.786184660593668
PBS4_180703_506_A01,Sst,1.0,Sst_25,0.4,7.69633420308431
PGS4_180227_704_A01,Pvalb,1.0,Pvalb_2,0.6666666666666666,6.761758708953858
PGS4_180227_903_A01,Sst,1.0,Sst_19,0.9333333333333333,11.465056355794271
PGS4_180228_701_A01,Pvalb,1.0,Pvalb_3,0.6,7.303270276387533
PGS4_180309_701_A01,Sst Chodl,1.0,Sst Chodl_1,1.0,70.24354858398438
PGS4_180309_704_A01,Sst Chodl,1.0,Sst Chodl_1,1.0,71.8136713663737
PGS4_180508_801_A01,Sst Chodl,1.0,Sst Chodl_1,1.0,56.18362706502278
PGS4_180508_804_A01,Pvalb,0.7333333333333333,Pvalb_7,0.7333333333333333,17.418233489990236
PGS4_180510_401_A01,Vip,1.0,Vip_6,0.7333333333333333,7.374164613087972
PGS4_180510_802_A01,Pvalb,0.7333333333333333,Pvalb_7,0.4,26.482655970255532
PGS4_180525_703_A01,Sst Chodl,1.0,Sst Chodl_1,1.0,60.36018676757813
PGS4_180525_804_A01,Sst Chodl,1.0,Sst Chodl_1,1.0,74.13424784342448
PGS4_180613_705_A01,Pvalb,1.0,Pvalb_15,0.6666666666666666,8.275236384073894
PGS4_180613_701_A01,Sst Chodl,1.0,Sst Chodl_1,1.0,39.331093851725264
PGS4_180620_805_A01,Pvalb,1.0,Pvalb_15,0.6666666666666666,6.452325248718262
PGS4_180620_801_A01,Vip,0.7333333333333333,Vip_23,0.6666666666666666,18.97770818074544
PGS4_180810_602_A01,Sst,1.0,Sst_25,1.0,8.14015105565389
PGS4_180928_403_A01,Pvalb,1.0,Pvalb_3,0.6,7.910354932149251
PGS4_180928_402_A01,Sst,1.0,Sst_11,0.8666666666666667,8.314605140686036
PGS4_181110_701_A01,Pvalb,0.7333333333333333,Pvalb_7,0.7333333333333333,31.151849873860677
P8S4_180424_358_A01,Sst,0.8666666666666667,Sst_23,0.8666666666666667,11.841811307271321
PHS4_180321_404_A01,Sst,1.0,Sst_25,0.8,9.434761873881023
PHS4_180509_201_A01,Pvalb,1.0,Pvalb_2,0.5333333333333333,10.876127115885417
PHS4_180509_202_A01,Pvalb,1.0,Pvalb_2,0.5333333333333333,11.407209332784017
PHS4_180523_303_A01,Sst,1.0,Sst_19,0.7333333333333333,15.00712210337321
PHS4_180718_304_A01,Sst,0.9333333333333333,Sst_3,0.4666666666666667,16.29558753967285
PHS4_180718_302_A01,Lamp5 Lhx6,1.0,Lamp5_Lhx6_1,1.0,14.386415672302245
PHS4_180718_803_A01,Pvalb,1.0,Pvalb_15,1.0,7.2751641273498535
PHS4_180718_306_A01,Pvalb,1.0,Pvalb_6,0.9333333333333333,12.78044007619222
PHS4_181015_305_A01,Sst Chodl,1.0,Sst Chodl_1,1.0,37.75037562052409
PHS4_181015_303_A01,Sst Chodl,1.0,Sst Chodl_1,1.0,35.83584136962891
PHS4_181031_404_A01,Sst Chodl,1.0,Sst Chodl_1,1.0,62.351812998453774
PHS4_180320_202_A01,Sst,1.0,Sst_25,1.0,10.592532857259114
PHS4_181211_401_A01,Sst,1.0,Sst_3,1.0,10.756522178649902
PHS4_181211_402_A01,Pvalb,1.0,Pvalb_2,0.6,9.777517700195313
PHS4_181217_401_A01,Pvalb,1.0,Pvalb_15,0.5333333333333333,6.726684919993082
PXS4_190125_353_A01,Sst,1.0,Sst_3,0.6,10.82195390065511
PXS4_190128_351_A01,Sst,1.0,Sst_25,1.0,8.268161392211914
PXS4_190125_352_A01,Pvalb,1.0,Pvalb_15,1.0,9.158825620015461
PXS4_190125_356_A01,Pvalb,1.0,Pvalb_2,0.3333333333333333,7.596304480234782
PXS4_190125_358_A01,Lamp5 Lhx6,1.0,Lamp5_Lhx6_1,1.0,9.80591049194336
PXS4_190128_352_A01,Pvalb,1.0,Pvalb_2,0.5333333333333333,7.376756286621093
PXS4_190128_353_A01,Sst,1.0,Sst_19,0.8666666666666667,13.705874379475912
PXS4_190128_355_A01,Pvalb,0.7333333333333333,Pvalb_6,0.26666666666666666,9.04722531636556
PXS4_190125_355_A01,Pvalb,1.0,Pvalb_5,0.8666666666666667,7.473056030273438
PXS4_190128_354_A01,Pvalb,1.0,Pvalb_10,0.26666666666666666,10.071510124206544
PXS4_190125_351_A01,Pvalb,1.0,Pvalb_10,0.4666666666666667,9.51356258392334
PXS4_190128_362_A01,Pvalb,1.0,Pvalb_2,0.7333333333333333,5.68610356648763
PXS4_190128_356_A01,Sst,1.0,Sst_19,1.0,13.889307149251302
PXS4_190128_359_A01,Pvalb,1.0,Pvalb_2,0.6,5.089367771148682
PXS4_190128_361_A01,Sst,1.0,Sst_19,0.8666666666666667,8.59912576675415
PXS4_190125_359_A01,Sst,1.0,Sst_22,0.6,8.625324662526449
PXS4_190128_358_A01,Sst,1.0,Sst_22,0.8,8.60462277730306
PXS4_190128_360_A01,Sst,1.0,Sst_19,0.9333333333333333,12.4787202835083
PXS4_190125_354_A01,Vip,1.0,Vip_13,0.4666666666666667,14.81553471883138
PXS4_190125_360_A01,Pvalb,1.0,Pvalb_15,0.4666666666666667,11.909233093261719
PXS4_190422_658_A01,Sst,1.0,Sst_25,1.0,14.387953313191732
PXS4_190207_356_A01,Sst Chodl,1.0,Sst Chodl_1,1.0,22.55089060465495
PXS4_190207_354_A01,Pvalb,1.0,Pvalb_15,0.6666666666666666,8.15036916732788
PXS4_190207_355_A01,Sst,0.6666666666666666,Sst_25,0.6666666666666666,13.087906392415364
PXS4_190625_359_A01,Sst,1.0,Sst_3,0.8666666666666667,12.020682652791342
PXS4_190319_353_A01,Pvalb,1.0,Pvalb_9,0.5333333333333333,13.443618329366048
PXS4_190319_351_A01,Pvalb,1.0,Pvalb_12,0.6666666666666666,10.74196949005127
PFS4_190108_709_A01,Pvalb,1.0,Pvalb_15,0.9333333333333333,12.71033452351888
PES4_190108_660_A01,Pvalb,1.0,Pvalb_15,0.9333333333333333,6.310572751363119
PAS4_190123_453_A01,Lamp5 Lhx6,1.0,Lamp5_Lhx6_1,1.0,7.114217376708984
PES4_190122_659_A01,Pvalb,1.0,Pvalb_15,0.5333333333333333,7.418391259511312
PAS4_190305_455_A01,Pvalb,1.0,Pvalb_15,1.0,8.131283442179361
P8S4_190305_360_A01,Sst,1.0,Sst_19,0.9333333333333333,13.247681744893391
PES4_190305_651_A01,Sst,1.0,Sst_19,0.7333333333333333,13.625918006896972
PES4_190311_659_A01,Vip,1.0,Vip_4,1.0,9.7530429204305
PES4_190311_660_A01,Pvalb,1.0,Pvalb_15,0.5333333333333333,11.21602128346761
PES4_190311_653_A01,Pvalb,1.0,Pvalb_15,0.9333333333333333,7.722050698598226
P8S4_190311_357_A01,Pvalb,1.0,Pvalb_15,0.8666666666666667,9.59174919128418
PXS4_190415_357_A01,Pvalb,1.0,Pvalb_2,0.6,9.78872896830241
PXS4_190416_354_A01,Vip,1.0,Vip_13,0.7333333333333333,19.24676628112793
PXS4_190412_351_A01,Pvalb,1.0,Pvalb_1,0.8666666666666667,9.528001276652018
PXS4_190415_354_A01,Sst,1.0,Sst_11,0.8666666666666667,8.77430248260498
PXS4_190415_355_A01,Sst,1.0,Sst_19,1.0,12.829359944661459
PXS4_190416_355_A01,Pvalb,1.0,Pvalb_15,0.8666666666666667,7.963492647806803
PXS4_190415_652_A01,Pvalb,1.0,Pvalb_15,0.6,8.85731372833252
PXS4_190416_357_A01,Sst,1.0,Sst_19,0.8666666666666667,13.81180617014567
PXS4_190415_358_A01,Pvalb,1.0,Pvalb_13,0.4,8.331037553151448
PXS4_190415_356_A01,Sst,1.0,Sst_19,0.9333333333333333,16.313345209757486
PXS4_190415_353_A01,Sst Chodl,1.0,Sst Chodl_1,1.0,29.170302708943684
PXS4_190416_358_A01,Sst,1.0,Sst_19,0.9333333333333333,14.291622988382976
PXS4_190415_653_A01,Pvalb,1.0,Pvalb_12,0.5333333333333333,15.963907432556152
PXS4_190416_353_A01,Sst,0.9333333333333333,Sst_13,0.4666666666666667,17.040383084615073
PXS4_190415_651_A01,Sst,1.0,Sst_4,0.7333333333333333,11.587210019429525
PXS4_190412_352_A01,Vip,1.0,Vip_13,0.6666666666666666,26.595012283325197
PXS4_190412_354_A01,Pvalb,1.0,Pvalb_9,0.9333333333333333,17.041188367207845
PXS4_190624_355_A01,Sst,1.0,Sst_19,0.6666666666666666,19.682340749104817
PXS4_190422_654_A01,Sst,1.0,Sst_19,0.8,16.68254712422689
PXS4_190422_358_A01,Vip,1.0,Vip_15,1.0,11.08057975769043
PXS4_190422_651_A01,Lamp5,1.0,Lamp5_2,1.0,8.921925799051921
PXS4_190422_652_A01,Lamp5 Lhx6,1.0,Lamp5_Lhx6_1,1.0,7.757130273183187
PXS4_190422_657_A01,Sst,1.0,Sst_19,0.6666666666666666,12.346450487772623
PXS4_190422_660_A01,Sst,1.0,Sst_25,1.0,8.087913672129313
PXS4_190422_353_A01,Sst,1.0,Sst_19,0.9333333333333333,10.22578830718994
PXS4_190422_352_A01,Pvalb,1.0,Pvalb_7,0.9333333333333333,23.025825373331706
PXS4_190422_354_A01,Sst,1.0,Sst_19,0.9333333333333333,9.944206301371256
PXS4_190422_355_A01,Pvalb,1.0,Pvalb_3,0.7333333333333333,8.803020000457764
PXS4_190422_662_A01,Pvalb,1.0,Pvalb_3,0.5333333333333333,8.565379969278972
PXS4_190422_653_A01,Vip,1.0,Vip_4,1.0,10.413726170857748
PXS4_190422_661_A01,Sst,1.0,Sst_22,0.5333333333333333,7.833415762583415
PAS4_190417_451_A01,Vip,1.0,Vip_23,0.6,14.64614397684733
PXS4_190422_656_A01,Pvalb,1.0,Pvalb_2,0.4666666666666667,9.005316543579102
PXS4_190422_659_A01,Pvalb,1.0,Pvalb_12,0.6666666666666666,10.282938067118327
PXS4_190422_655_A01,Sst,0.9333333333333333,Sst_13,0.7333333333333333,16.103877131144205
PXS4_190422_351_A01,Sst Chodl,1.0,Sst Chodl_1,1.0,49.03604482014974
PAS4_190419_453_A01,Pvalb,1.0,Pvalb_15,0.9333333333333333,8.682441838582356
PXS4_190423_651_A01,Lamp5,1.0,Lamp5_1,0.6666666666666666,14.218502489725749
PXS4_190423_655_A01,Pvalb,0.9333333333333333,Pvalb_14,0.26666666666666666,14.773979949951173
PXS4_190423_351_A01,Pvalb,1.0,Pvalb_10,0.3333333333333333,9.367219924926758
PXS4_190423_352_A01,Pvalb,1.0,Pvalb_12,0.6,11.335093307495118
PXS4_190423_353_A01,Pvalb,1.0,Pvalb_15,1.0,8.705409908294678
PXS4_190423_355_A01,Pvalb,1.0,Pvalb_15,0.8,6.5093690872192385
PXS4_190423_360_A01,Sst,1.0,Sst_19,0.6,11.850281651814779
PXS4_190423_358_A01,Pvalb,1.0,Pvalb_13,0.7333333333333333,8.658868662516277
PES4_190419_656_A01,Pvalb,1.0,Pvalb_15,1.0,7.456418641408285
PXS4_190423_654_A01,Pvalb,1.0,Pvalb_1,0.8666666666666667,11.304817581176758
PXS4_190423_356_A01,Pvalb,0.9333333333333333,Pvalb_6,0.6,9.605749320983886
PXS4_190423_357_A01,Pvalb,1.0,Pvalb_3,0.6666666666666666,9.901451047261556
PXS4_190423_652_A01,Sst,1.0,Sst_19,0.9333333333333333,19.116157404581706
PXS4_190423_354_A01,Vip,0.6666666666666666,Vip_13,0.3333333333333333,17.983501434326172
PXS4_190423_359_A01,Pvalb,1.0,Pvalb_2,0.6,7.556276257832845
PES4_190425_658_A01,Pvalb,1.0,Pvalb_2,0.7333333333333333,7.805566724141439
PES4_190425_652_A01,Pvalb,1.0,Pvalb_15,1.0,7.006475989023844
P8S4_190425_352_A01,Vip,1.0,Vip_4,0.7333333333333333,8.910818099975586
P8S4_190425_355_A01,Sst,1.0,Sst_19,0.6,12.69024600982666
PES4_190425_657_A01,Sst,1.0,Sst_3,1.0,8.252841981252034
P2S4_190425_051_A01,Vip,1.0,Vip_1,0.8666666666666667,13.929367955525716
PXS4_190520_353_A01,Sst,0.9333333333333333,Sst_19,0.6666666666666666,24.261043802897134
PAS4_190514_451_A01,Pvalb,1.0,Pvalb_15,1.0,13.098823356628419
PAS4_190514_455_A01,Pvalb,1.0,Pvalb_15,0.8,8.018351650238037
PES4_190514_653_A01,Sst,1.0,Sst_19,0.9333333333333333,9.090371068318685
PES4_190514_652_A01,Sst,1.0,Sst_19,1.0,12.377378336588542
PFS4_190514_709_A01,Sst,1.0,Sst_13,1.0,11.53105386098226
PFS4_190514_707_A01,Sst,1.0,Sst_4,0.9333333333333333,8.134054056803386
P8S4_190514_356_A01,Sst,1.0,Sst_13,1.0,12.135158475240072
PES4_190514_654_A01,Pax6,1.0,Pax6_1,1.0,9.519180615743002
PCS4_191014_354_A01,Sst,1.0,Sst_25,1.0,8.926086807250977
PXS4_190624_657_A01,Sst,0.9333333333333333,Sst_19,0.8666666666666667,23.393302536010744
PXS4_190625_355_A01,Sst,1.0,Sst_19,0.8,17.169487380981444
PCS4_200720_651_A01,Sst,0.7333333333333333,Sst_23,0.6666666666666666,12.740199406941732
P8S4_190618_356_A01,Lamp5,0.7333333333333333,Lamp5_2,0.6,20.266788482666016
PAS4_190618_460_A01,Pvalb,1.0,Pvalb_6,1.0,11.900120735168457
PXS4_190624_352_A01,Lamp5 Lhx6,1.0,Lamp5_Lhx6_1,1.0,16.398832448323567
PXS4_190624_353_A01,Sst,0.6,Sst_1,0.6,14.754229799906414
PXS4_190625_353_A01,Sst,1.0,Sst_19,0.8,14.027668698628743
PHS4_181203_401_A01,Sst,1.0,Sst_25,1.0,6.434121481577555
PXS4_190625_351_A01,Sst,1.0,Sst_3,0.7333333333333333,18.045364761352538
PXS4_190625_356_A01,Sst,1.0,Sst_19,0.8,20.674401346842448
PXS4_190207_351_A01,Sst,1.0,Sst_25,1.0,7.537043603261312
PAS4_190618_459_A01,Pvalb,1.0,Pvalb_15,0.8,7.570048872629801
PXS4_190624_654_A01,Sst,1.0,Sst_19,0.8,15.630547014872233
PXS4_190624_658_A01,Sst,1.0,Sst_10,0.6666666666666666,14.88168544769287
PXS4_190624_656_A01,Sst,1.0,Sst_19,0.8,21.892707316080728
PXS4_190624_354_A01,Sst,1.0,Sst_19,0.9333333333333333,8.254631233215331
PXS4_190624_659_A01,Sst,1.0,Sst_19,0.8666666666666667,14.880062929789226
PES4_190618_656_A01,Sst,1.0,Sst_19,0.9333333333333333,10.950219408671062
PXS4_190624_660_A01,Sst,1.0,Sst_13,0.8,9.683596356709797
PXS4_190624_653_A01,Sst,1.0,Sst_5,0.6666666666666666,7.431046708424886
PXS4_190624_651_A01,Sst,1.0,Sst_12,0.6,13.592245229085286
PXS4_190624_351_A01,Sst,1.0,Sst_19,1.0,14.165346082051595
PES4_190709_666_A01,Pvalb,1.0,Pvalb_15,0.6,12.78337059020996
PES4_190709_661_A01,Pvalb,1.0,Pvalb_15,1.0,13.559651056925455
PFS4_190709_711_A01,Pvalb,1.0,Pvalb_15,1.0,7.932430585225423
PXS4_190716_353_A01,Sst,1.0,Sst_19,0.9333333333333333,16.17725836435954
PXS4_190715_352_A01,Sncg,1.0,Sncg_8,1.0,9.893621889750163
PXS4_190715_353_A01,Vip,1.0,Vip_19,0.4666666666666667,17.066378021240233
PXS4_190715_357_A01,Pvalb,1.0,Pvalb_10,0.5333333333333333,12.751225662231445
PXS4_190723_356_A01,Vip,1.0,Vip_13,0.8666666666666667,9.296771176656087
PXS4_190716_354_A01,Sst,1.0,Sst_19,0.9333333333333333,11.570627657572429
PXS4_190715_355_A01,Pvalb,1.0,Pvalb_15,1.0,6.97957124710083
PES4_190709_660_A01,Vip,0.8,Vip_11,0.4,25.409275817871094
PXS4_190716_356_A01,Pvalb,1.0,Pvalb_6,0.6,13.57690626780192
PXS4_190716_351_A01,Sst,1.0,Sst_19,0.9333333333333333,17.104466692606607
PXS4_190715_351_A01,Sst,0.8,Sst_2,0.8,10.359554672241211
PXS4_190715_356_A01,Sst,1.0,Sst_19,0.9333333333333333,11.598877461751302
PXS4_190715_354_A01,Sst,1.0,Sst_13,1.0,11.173153622945149
P8S4_190709_359_A01,Sst,1.0,Sst_19,0.6666666666666666,15.166419156392415
PXS4_190716_358_A01,Sst,1.0,Sst_19,0.8666666666666667,21.930527877807616
PES4_190716_658_A01,Sst,1.0,Sst_20,0.6,10.157653109232585
P8S4_190716_359_A01,Lamp5,1.0,Lamp5_2,1.0,6.3511476198832195
P8S4_190716_360_A01,Sncg,1.0,Sncg_3,1.0,10.569016583760579
P8S4_190716_361_A01,Vip,1.0,Vip_19,0.4666666666666667,14.82244644165039
PAS4_190716_460_A01,Pvalb,1.0,Pvalb_2,0.8,5.902312755584717
PXS4_190730_354_A01,Sst,1.0,Sst_19,1.0,12.179794756571452
PXS4_190722_352_A01,Pvalb,0.5333333333333333,Pvalb_6,0.5333333333333333,12.177745691935222
PXS4_190722_353_A01,Sst,1.0,Sst_19,0.8,9.318962860107423
PXS4_190722_355_A01,Pvalb,1.0,Pvalb_3,0.7333333333333333,6.519980239868164
PXS4_190725_358_A01,Sst,1.0,Sst_19,0.9333333333333333,11.10684585571289
PXS4_190722_655_A01,Pvalb,1.0,Pvalb_15,1.0,9.550356419881185
PXS4_190730_651_A01,Pvalb,1.0,Pvalb_15,0.5333333333333333,8.664660549163818
PXS4_190730_654_A01,Vip,1.0,Vip_18,0.7333333333333333,11.491460355122884
PXS4_190722_358_A01,Sst Chodl,0.6,Sst Chodl_2,0.6,12.989500872294109
PXS4_190725_357_A01,Sst,0.8,Sst_2,0.8,8.732971986134848
PXS4_190725_352_A01,Sst,1.0,Sst_19,0.9333333333333333,12.02418524424235
PXS4_190722_351_A01,Pvalb,1.0,Pvalb_15,0.8666666666666667,6.755660597483317
PXS4_190722_357_A01,Pvalb,1.0,Pvalb_12,0.4666666666666667,7.398497931162516
PXS4_190722_653_A01,Pvalb,1.0,Pvalb_15,1.0,6.83720801671346
PXS4_190730_653_A01,Sst,1.0,Sst_19,0.7333333333333333,9.754550743103028
PXS4_190722_356_A01,Sst,1.0,Sst_2,0.5333333333333333,8.954686292012532
PXS4_190725_353_A01,Sst,1.0,Sst_19,1.0,12.746051915486653
PXS4_190725_356_A01,Sst,1.0,Sst_19,0.9333333333333333,8.5570117632548
PXS4_190722_654_A01,Sst,1.0,Sst_3,1.0,7.986890443166097
PXS4_190725_354_A01,Pvalb,1.0,Pvalb_13,0.8666666666666667,11.452271016438802
PXS4_190730_355_A01,Pvalb,1.0,Pvalb_3,0.4666666666666667,7.739935620625814
PXS4_190725_351_A01,Sst,1.0,Sst_5,0.8,6.467652098337809
PXS4_190722_354_A01,Sst,1.0,Sst_1,1.0,8.467952092488607
PXS4_190722_652_A01,Sst,0.8,Sst_19,0.7333333333333333,20.700668462117513
PFS4_190723_703_A01,Pvalb,1.0,Pvalb_15,1.0,7.896245892842611
PCS4_190820_656_A01,Pvalb,1.0,Pvalb_15,0.7333333333333333,9.164779345194498
PCS4_190826_351_A01,Pvalb,1.0,Pvalb_1,0.8666666666666667,8.353931617736816
PCS4_190826_355_A01,Vip,1.0,Vip_9,1.0,8.699070167541503
PCS4_190826_357_A01,Vip,1.0,Vip_23,0.7333333333333333,9.125846322377523
PCS4_190820_657_A01,Sst,0.6666666666666666,Sst_19,0.26666666666666666,16.37977752685547
PCS4_190816_654_A01,Sst,1.0,Sst_19,1.0,13.350575256347657
PCS4_190826_352_A01,Vip,1.0,Vip_6,0.6,11.015268452962239
PCS4_190816_653_A01,Sst,1.0,Sst_10,0.4666666666666667,12.631439844767252
PCS4_190820_653_A01,Sst,1.0,Sst_19,0.8666666666666667,19.32039477030436
PCS4_190816_652_A01,Sst,1.0,Sst_19,1.0,8.920103645324707
PCS4_190826_353_A01,Sst,1.0,Sst_19,0.9333333333333333,15.742433802286785
PCS4_190816_651_A01,Sst,1.0,Sst_19,1.0,9.324533653259277
P1S4_190813_005_A01,Lamp5 Lhx6,1.0,Lamp5_Lhx6_1,1.0,7.746244748433431
PCS4_190903_354_A01,Sst,1.0,Sst_19,0.4666666666666667,10.53462619781494
PCS4_190905_355_A01,Vip,1.0,Vip_13,1.0,13.959763272603352
PCS4_190905_351_A01,Pvalb,1.0,Pvalb_15,0.5333333333333333,10.137415568033854
PCS4_190905_653_A01,Pvalb,0.8666666666666667,Pvalb_6,0.6666666666666666,11.94563528696696
P8S4_190827_354_A01,Pvalb,1.0,Pvalb_15,0.6666666666666666,13.734216117858887
PCS4_190903_351_A01,Sst,1.0,Sst_19,0.8666666666666667,12.381562487284343
PCS4_190903_356_A01,Vip,1.0,Vip_23,0.9333333333333333,9.84813346862793
PCS4_190905_353_A01,Vip,1.0,Vip_15,1.0,10.35627466837565
PCS4_190903_353_A01,Sst,1.0,Sst_9,0.9333333333333333,7.870078468322754
PCS4_190905_655_A01,Pvalb,1.0,Pvalb_15,0.8666666666666667,11.720084698994954
PCS4_190905_656_A01,Sst,1.0,Sst_19,1.0,9.707762400309244
PCS4_191115_701_A01,Sst,1.0,Sst_19,0.8,13.488258171081544
PCS4_191115_352_A01,Pvalb,0.8666666666666667,Pvalb_13,0.5333333333333333,14.284495544433593
P8S4_191203_358_A01,Sncg,0.7333333333333333,Sncg_6,0.6666666666666666,15.975656954447429
P8S4_190321_361_A01,Pvalb,1.0,Pvalb_6,0.9333333333333333,14.0892333984375
PES4_190321_651_A01,Pvalb,1.0,Pvalb_15,1.0,9.250796190897624
PES4_190321_653_A01,Vip,1.0,Vip_18,0.8,11.04573548634847
PXS4_190408_351_A01,Sst,1.0,Sst_19,1.0,13.798017692565917
PXS4_190409_360_A01,Sst,1.0,Sst_25,0.8666666666666667,7.431867917378743
PXS4_190409_653_A01,Sst,1.0,Sst_25,0.8666666666666667,8.806886545817058
PXS4_190408_352_A01,Sst,0.8,Sst_2,0.7333333333333333,9.419935607910157
PXS4_190408_353_A01,Pvalb,1.0,Pvalb_3,0.6,8.858931668599446
PXS4_190408_355_A01,Pvalb,1.0,Pvalb_2,0.9333333333333333,7.100091679890951
PXS4_190408_360_A01,Sst,1.0,Sst_19,1.0,8.736546993255615
PXS4_190409_351_A01,Pvalb,1.0,Pvalb_2,0.6666666666666666,6.115914440155029
PXS4_190409_352_A01,Pvalb,1.0,Pvalb_15,0.4,10.885419527689615
PXS4_190409_355_A01,Vip,1.0,Vip_12,0.5333333333333333,16.292368698120118
PXS4_190409_356_A01,Pvalb,1.0,Pvalb_2,0.4666666666666667,9.647310129801433
PXS4_190409_652_A01,Sst,1.0,Sst_19,1.0,9.144657389322917
PXS4_190408_354_A01,Pvalb,1.0,Pvalb_15,0.8666666666666667,6.020323085784912
PXS4_190409_655_A01,Sst,1.0,Sst_19,0.9333333333333333,8.570429579416912
PXS4_190408_358_A01,Pvalb,1.0,Pvalb_14,0.8666666666666667,12.456606165568035
PXS4_190409_353_A01,Sst,1.0,Sst_19,0.8666666666666667,10.835844802856446
PXS4_190409_357_A01,Sst,1.0,Sst_19,0.6666666666666666,11.547756385803222
PXS4_190409_358_A01,Sst,1.0,Sst_19,1.0,10.323989168802898
PXS4_190409_654_A01,Pvalb,1.0,Pvalb_1,0.8666666666666667,10.706318219502768
PXS4_190409_354_A01,Sst,1.0,Sst_19,1.0,14.439441871643066
PXS4_190409_651_A01,Pvalb,1.0,Pvalb_2,0.6,8.782852172851562
PXS4_190408_356_A01,Vip,1.0,Vip_12,0.6666666666666666,18.353158315022785
PXS4_190408_359_A01,Sst,1.0,Sst_3,1.0,8.229008293151855
P1S4_190416_004_A01,Pvalb,1.0,Pvalb_15,1.0,7.165003108978271
P1S4_190416_007_A01,Pvalb,1.0,Pvalb_2,0.9333333333333333,7.971918900807698
P8S4_190416_352_A01,Pvalb,1.0,Pvalb_15,1.0,10.521884600321451
PXS4_190524_352_A01,Pvalb,1.0,Pvalb_10,0.7333333333333333,8.948644065856934
PXS4_190522_354_A01,Lamp5,1.0,Lamp5_2,0.9333333333333333,9.575168546040853
PXS4_190522_357_A01,Sst,0.8666666666666667,Sst_20,0.3333333333333333,8.390207640329997
PXS4_190524_354_A01,Sst,1.0,Sst_12,1.0,9.177872117360433
PXS4_190522_356_A01,Sst,1.0,Sst_19,1.0,7.539182567596436
PXS4_190522_355_A01,Sst,0.5333333333333333,Sst_19,0.4666666666666667,20.105433146158855
P1S4_190603_005_A01,Pvalb,1.0,Pvalb_15,0.7333333333333333,9.954048411051433
PAS4_190604_451_A01,Pvalb,1.0,Pvalb_15,0.8666666666666667,12.000707817077636
PXS4_190613_656_A01,Vip,1.0,Vip_13,0.3333333333333333,12.924523862202962
PXS4_190613_651_A01,Sst,1.0,Sst_19,0.6,14.923052660624187
PXS4_190613_657_A01,Pvalb,1.0,Pvalb_14,0.8,6.522767003377279
PXS4_190614_353_A01,Sst,0.6,Sst_19,0.5333333333333333,16.05931148529053
PXS4_190613_652_A01,Sst,1.0,Sst_19,0.9333333333333333,15.172620073954265
PXS4_190613_658_A01,Pvalb,1.0,Pvalb_5,0.5333333333333333,9.09599157969157
PES4_190603_659_A01,Pvalb,1.0,Pvalb_15,0.8666666666666667,5.929516728719076
PXS4_190614_351_A01,Pvalb,1.0,Pvalb_12,0.6666666666666666,10.355478350321452
PXS4_190731_355_A01,Chandelier,1.0,Chandelier_1,0.8,9.360635058085125
PXS4_190808_655_A01,Vip,1.0,Vip_13,0.6,18.033559799194336
PXS4_190731_654_A01,Pvalb,0.8666666666666667,Pvalb_6,0.8666666666666667,9.370329984029134
PXS4_190731_651_A01,Pvalb,1.0,Pvalb_5,0.6,8.395179684956869
PXS4_190731_655_A01,Sst,1.0,Sst_19,1.0,13.516570727030436
PXS4_190731_352_A01,Pvalb,1.0,Pvalb_2,0.8,10.288800048828126
PXS4_190731_353_A01,Pvalb,1.0,Pvalb_3,0.8666666666666667,8.796636390686036
PXS4_190731_351_A01,Sst,1.0,Sst_1,1.0,8.879411697387695
PCS4_190909_355_A01,Pvalb,1.0,Pvalb_1,0.9333333333333333,10.555915959676106
PCS4_190912_351_A01,Vip,1.0,Vip_2,1.0,10.678224436442058
PCS4_190912_353_A01,Vip,1.0,Vip_13,0.8,21.925162887573244
PCS4_190909_652_A01,Sst,1.0,Sst_19,0.5333333333333333,12.875470161437988
PCS4_190909_358_A01,Pvalb,1.0,Pvalb_14,0.3333333333333333,5.948871167500814
PCS4_190909_354_A01,Sst,1.0,Sst_2,0.5333333333333333,10.450315221150715
PCS4_190909_359_A01,Pvalb,1.0,Pvalb_10,0.4,9.608950742085774
PCS4_190909_655_A01,Pvalb,1.0,Pvalb_6,0.8,13.23365109761556
PCS4_190912_352_A01,Vip,1.0,Vip_13,0.8666666666666667,20.040424982706707
PCS4_201209_654_A01,Sst,1.0,Sst_25,1.0,9.943887456258137
PCS4_190909_356_A01,Sst,1.0,Sst_19,0.8666666666666667,11.25117270151774
PCS4_190924_651_A01,Pvalb,1.0,Pvalb_2,0.6666666666666666,9.920960426330566
PCS4_190924_351_A01,Pax6,1.0,Pax6_2,0.6666666666666666,9.716763432820638
PCS4_190924_653_A01,Pvalb,1.0,Pvalb_15,0.8666666666666667,9.83141434987386
PCS4_190924_655_A01,Pvalb,0.9333333333333333,Pvalb_7,0.8666666666666667,14.839428583780924
PCS4_190924_352_A01,Vip,1.0,Vip_6,0.7333333333333333,12.788230260213217
PCS4_190924_354_A01,Vip,1.0,Vip_13,0.6666666666666666,18.763352076212566
PCS4_190924_654_A01,Pvalb,1.0,Pvalb_9,1.0,10.517668088277182
PCS4_190924_656_A01,Pvalb,1.0,Pvalb_9,1.0,10.325596046447753
PCS4_190924_652_A01,Sst,1.0,Sst_19,0.9333333333333333,20.31370366414388
PXS4_190624_357_A01,Sst,0.9333333333333333,Sst_19,0.7333333333333333,22.342924499511717
PCS4_191014_351_A01,Sst,1.0,Sst_25,1.0,9.209076881408691
PCS4_191014_352_A01,Pvalb,1.0,Pvalb_9,0.8666666666666667,9.94782969156901
PCS4_191014_353_A01,Pvalb,1.0,Pvalb_9,0.8,19.87424481709798
PCS4_191014_355_A01,Vip,1.0,Vip_13,0.6666666666666666,20.1839049021403
PCS4_191212_354_A01,Vip,1.0,Vip_19,0.4666666666666667,14.650660069783529
PCS4_191216_352_A01,Pvalb,1.0,Pvalb_9,0.6,11.57211348215739
PCS4_191212_701_A01,Sst,1.0,Sst_19,0.9333333333333333,16.29244836171468
PCS4_191212_704_A01,Sst,1.0,Sst_25,1.0,7.606026363372803
PCS4_191216_351_A01,Vip,1.0,Vip_4,0.5333333333333333,15.935206604003906
PCS4_191212_702_A01,Pvalb,0.6,Pvalb_7,0.5333333333333333,33.386237080891924
PCS4_191212_703_A01,Sst Chodl,0.9333333333333333,Sst Chodl_1,0.9333333333333333,25.07228177388509
PCS4_191212_352_A01,Sst,1.0,Sst_19,0.8,11.605803298950196
PCS4_191212_353_A01,Pvalb,1.0,Pvalb_9,0.6666666666666666,12.9480255762736
PCS4_191212_351_A01,Vip,0.7333333333333333,Vip_1,0.26666666666666666,27.909234364827473
PXS4_190507_353_A01,Pvalb,1.0,Pvalb_15,0.5333333333333333,8.473404439290364
PXS4_190507_352_A01,Sst,0.9333333333333333,Sst_19,0.8666666666666667,23.514881769816082
PCS4_191003_702_A01,Pvalb,1.0,Pvalb_9,0.8,9.181526184082031
PCS4_191003_707_A01,Pvalb,1.0,Pvalb_15,0.4666666666666667,10.145261065165203
PCS4_191003_351_A01,Vip,1.0,Vip_19,0.9333333333333333,12.109592119852701
PCS4_191003_352_A01,Vip,1.0,Vip_11,0.6,15.638167317708334
PCS4_191003_706_A01,Pvalb,1.0,Pvalb_10,0.5333333333333333,11.67770144144694
PCS4_191003_353_A01,Vip,1.0,Vip_4,0.4666666666666667,18.94178721110026
PCS4_191003_704_A01,Pvalb,1.0,Pvalb_1,0.9333333333333333,8.762843640645345
PCS4_191003_705_A01,Sst,1.0,Sst_12,1.0,7.805081113179525
PCS4_191015_701_A01,Vip,1.0,Vip_13,0.6666666666666666,28.303168106079102
PCS4_191015_702_A01,Pvalb,1.0,Pvalb_15,0.6666666666666666,11.998264567057292
PCS4_191015_704_A01,Pvalb,1.0,Pvalb_2,0.5333333333333333,7.477332719167074
PCS4_191015_703_A01,Sst Chodl,1.0,Sst Chodl_1,1.0,26.758730951944987
PGS4_190215_703_A01,Pvalb,1.0,Pvalb_9,0.9333333333333333,13.193024190266927
PGS4_190329_701_A01,Pvalb,1.0,Pvalb_15,0.6,9.403830019632975
PGS4_190405_701_A01,Sst,1.0,Sst_3,0.6666666666666666,9.333848571777343
PGS4_191016_704_A01,Sst Chodl,1.0,Sst Chodl_1,0.9333333333333333,23.81999969482422
PGS4_191212_705_A01,Pvalb,1.0,Pvalb_15,0.5333333333333333,8.064592456817627
PHS4_190115_203_A01,Vip,1.0,Vip_18,0.6666666666666666,15.05623296101888
PHS4_190619_305_A01,Pvalb,1.0,Pvalb_15,1.0,5.876964728037517
PHS4_190619_402_A01,Pvalb,1.0,Pvalb_15,1.0,6.425162633260091
PHS4_190619_307_A01,Pvalb,1.0,Pvalb_15,1.0,7.504197565714518
PHS4_190619_401_A01,Pvalb,0.9333333333333333,Pvalb_15,0.6,14.011583836873372
PHS4_191004_403_A01,Pvalb,1.0,Pvalb_15,1.0,9.650219281514486
PHS4_191004_405_A01,Pvalb,1.0,Pvalb_15,0.8666666666666667,8.917912483215332
PHS4_191017_101_A01,Lamp5 Lhx6,1.0,Lamp5_Lhx6_1,1.0,12.962380917867025
PCS4_200121_651_A01,Sst,1.0,Sst_19,0.6666666666666666,12.228118705749512
PCS4_200121_652_A01,Sst,0.8,Sst_2,0.6666666666666666,9.20374584197998
PCS4_200121_655_A01,Sst,1.0,Sst_3,0.6666666666666666,9.939801851908365
PCS4_200117_651_A01,Pvalb,1.0,Pvalb_2,0.5333333333333333,8.212099679311116
PCS4_200121_654_A01,Pvalb,1.0,Pvalb_3,0.7333333333333333,7.285426044464112
PCS4_200121_653_A01,Sst,1.0,Sst_25,1.0,6.82407725652059
PCS4_200121_659_A01,Sst,1.0,Sst_20,0.6666666666666666,8.744644864400227
PCS4_200121_658_A01,Sst Chodl,0.9333333333333333,Sst Chodl_2,0.9333333333333333,12.787120691935222
PCS4_200121_656_A01,Sst,1.0,Sst_10,0.6666666666666666,12.656102689107259
PCS4_200121_657_A01,Sst,1.0,Sst_13,0.9333333333333333,17.675295003255208
PCS4_200124_452_A01,Sst,1.0,Sst_25,1.0,8.975115776062012
PCS4_200124_657_A01,Sst,1.0,Sst_25,1.0,6.440607420603434
PCS4_200128_651_A01,Sst,1.0,Sst_25,1.0,8.596279271443684
PCS4_200128_654_A01,Sst,1.0,Sst_25,0.6666666666666666,8.450762780507405
PFS4_200121_702_A01,Pvalb,1.0,Pvalb_15,0.6,8.455138333638509
PCS4_200124_457_A01,Chandelier,1.0,Chandelier_1,1.0,7.49982312520345
PCS4_200128_001_A01,Lamp5 Lhx6,0.6,Lamp5_Lhx6_1,0.6,14.789067649841309
PCS4_200128_655_A01,Pvalb,1.0,Pvalb_1,0.4666666666666667,9.02013448079427
PCS4_200128_653_A01,Pvalb,1.0,Pvalb_12,0.4,12.307895723978678
PCS4_200124_651_A01,Sst,0.6,Sst_2,0.4666666666666667,11.54428908030192
PCS4_200128_661_A01,Pvalb,1.0,Pvalb_15,1.0,5.475696309407552
PCS4_200124_652_A01,Vip,1.0,Vip_16,0.5333333333333333,11.394074567159016
PCS4_200124_655_A01,Sst,1.0,Sst_22,0.6,7.111901632944742
PCS4_200124_654_A01,Sst,1.0,Sst_25,1.0,7.019489192962647
PCS4_200128_652_A01,Pvalb,1.0,Pvalb_2,0.6666666666666666,9.447422726949055
PCS4_200128_658_A01,Pvalb,1.0,Pvalb_3,0.5333333333333333,8.045908387502035
PCS4_200128_659_A01,Pvalb,1.0,Pvalb_14,0.4,10.268001047770182
PCS4_200128_660_A01,Pvalb,1.0,Pvalb_12,0.6,9.103291702270507
PCS4_200124_653_A01,Sst,1.0,Sst_5,0.9333333333333333,10.76825663248698
PCS4_200124_454_A01,Pvalb,1.0,Pvalb_9,0.7333333333333333,26.110014470418296
PCS4_200124_455_A01,Vip,1.0,Vip_11,0.4666666666666667,17.60151252746582
PCS4_200207_654_A01,Sst,0.8666666666666667,Sst_2,0.4666666666666667,8.424452082316082
PCS4_200207_358_A01,Pvalb,1.0,Pvalb_1,0.26666666666666666,13.908076349894205
PCS4_200207_652_A01,Sst,1.0,Sst_19,0.9333333333333333,16.37231559753418
PCS4_200207_653_A01,Chandelier,1.0,Chandelier_1,0.5333333333333333,12.245481554667155
PAS4_200204_459_A01,Pvalb,1.0,Pvalb_6,0.6666666666666666,11.8729736328125
PCS4_200211_651_A01,Pvalb,1.0,Pvalb_12,0.8666666666666667,8.904561614990234
PCS4_200207_353_A01,Pvalb,0.7333333333333333,Pvalb_6,0.4666666666666667,12.20055669148763
PCS4_200207_655_A01,Pvalb,1.0,Pvalb_3,0.4666666666666667,8.364797433217367
PCS4_200207_357_A01,Pvalb,1.0,Pvalb_3,0.8,8.676237869262696
PCS4_200207_355_A01,Sst,1.0,Sst_19,0.9333333333333333,10.015160433451335
PCS4_200207_356_A01,Sst,1.0,Sst_5,0.7333333333333333,7.374177996317545
PCS4_200207_354_A01,Sst,1.0,Sst_19,1.0,12.552585728963216
PCS4_200207_651_A01,Sst,1.0,Sst_19,0.7333333333333333,9.98554973602295
PCS4_200602_356_A01,Vip,1.0,Vip_13,0.6666666666666666,17.90614496866862
PCS4_200602_351_A01,Pvalb,1.0,Pvalb_1,0.3333333333333333,10.831377220153808
PXS4_190625_357_A01,Sst,1.0,Sst_19,0.7333333333333333,13.008194224039714
PCS4_200720_701_A01,Sst,1.0,Sst_3,0.9333333333333333,8.438302803039551
PCS4_200720_655_A01,Sst,1.0,Sst_3,1.0,10.239181582132975
PCS4_200720_702_A01,Vip,0.9333333333333333,Vip_21,0.8666666666666667,12.9853728612264
PCS4_200720_656_A01,Pvalb,1.0,Pvalb_2,0.8,8.094085788726806
PCS4_200722_354_A01,Pvalb,1.0,Pvalb_15,0.7333333333333333,12.054269790649414
PCS4_200721_451_A01,Vip,1.0,Vip_19,1.0,12.289556312561036
PCS4_200720_708_A01,Pvalb,1.0,Pvalb_3,0.5333333333333333,8.091515763600666
PCS4_200721_456_A01,Pvalb,1.0,Pvalb_15,0.4666666666666667,8.696803220113118
PCS4_200721_452_A01,Sst,1.0,Sst_19,1.0,15.819726943969727
PCS4_200721_455_A01,Sst,1.0,Sst_19,1.0,10.565652338663737
PCS4_200720_654_A01,Pvalb,1.0,Pvalb_13,0.4666666666666667,7.878739674886067
PCS4_200722_357_A01,Sst,1.0,Sst_19,1.0,16.209770711263022
PCS4_200721_453_A01,Sst,1.0,Sst_19,0.9333333333333333,12.890699323018392
PCS4_200722_351_A01,Sst,1.0,Sst_19,0.8,19.42516237894694
PCS4_200720_652_A01,Sst,1.0,Sst_3,0.9333333333333333,10.152402432759603
PCS4_200728_354_A01,Vip,1.0,Vip_13,0.8,16.542598533630372
PCS4_200720_710_A01,Sst,1.0,Sst_3,0.6,11.296957270304363
PCS4_200717_701_A01,Sst,1.0,Sst_19,0.6666666666666666,10.833454831441243
PCS4_200720_705_A01,Sst,1.0,Sst_10,0.8666666666666667,10.246712176005046
PCS4_200720_707_A01,Sst,1.0,Sst_13,0.5333333333333333,10.988323211669922
PCS4_200720_653_A01,Pvalb,1.0,Pvalb_3,0.6666666666666666,7.619921048482259
PCS4_200720_703_A01,Pvalb,0.7333333333333333,Pvalb_13,0.6666666666666666,16.44349587758382
PCS4_200805_355_A01,Vip,1.0,Vip_1,0.5333333333333333,13.636197916666667
PCS4_200804_453_A01,Pvalb,1.0,Pvalb_6,1.0,10.805720710754395
PCS4_200805_351_A01,Vip,1.0,Vip_2,1.0,10.727763366699218
PCS4_200804_451_A01,Sst,1.0,Sst_19,0.6666666666666666,9.773426564534505
PCS4_200805_353_A01,Vip,1.0,Vip_15,0.7333333333333333,14.63061892191569
PCS4_200804_652_A01,Sst,1.0,Sst_19,0.6,11.9358549118042
PCS4_200804_653_A01,Sst,1.0,Sst_13,0.8666666666666667,8.752945264180502
PCS4_200804_454_A01,Sst,1.0,Sst_19,0.9333333333333333,15.396161778767903
PCS4_201202_651_A01,Sst,0.8666666666666667,Sst_25,0.6,11.204640897115071
PCS4_201124_454_A01,Pvalb,1.0,Pvalb_1,0.8,9.984849294026693
PCS4_201202_354_A01,Sst,0.9333333333333333,Sst_1,0.9333333333333333,8.62578166325887
PCS4_201124_804_A01,Pvalb,1.0,Pvalb_15,0.6,10.99427604675293
PCS4_201202_653_A01,Sst,1.0,Sst_19,0.6,9.087585512797038
PCS4_201124_455_A01,Sst,1.0,Sst_9,0.6666666666666666,13.954786046346028
PCS4_201124_453_A01,Sst,1.0,Sst_13,1.0,10.246507835388183
PCS4_201124_801_A01,Sst,0.8,Sst_10,0.7333333333333333,16.426520411173502
PCS4_201124_451_A01,Sst,1.0,Sst_4,0.6666666666666666,6.38125
PCS4_201202_652_A01,Pvalb,1.0,Pvalb_15,0.6666666666666666,6.949183495839437
PCS4_201202_655_A01,Pvalb,1.0,Pvalb_15,1.0,6.884436639149984
PCS4_201124_452_A01,Sst,1.0,Sst_12,0.9333333333333333,9.225222110748291
PCS4_201124_802_A01,Pvalb,1.0,Pvalb_15,0.7333333333333333,11.480247815450033
PCS4_201202_656_A01,Sst,1.0,Sst_1,1.0,12.663889757792155
P8S4_200225_359_A01,Lamp5,1.0,Lamp5_2,1.0,9.325073051452637
PCS4_200619_654_A01,Pvalb,1.0,Pvalb_15,0.8,6.369943618774414
PCS4_200619_652_A01,Pvalb,1.0,Pvalb_15,1.0,7.566946760813395
PCS4_200619_653_A01,Sst,0.7333333333333333,Sst_2,0.7333333333333333,7.632167530059815
PCS4_200619_651_A01,Sst,1.0,Sst_9,0.8666666666666667,10.577637100219727
PCS4_200619_655_A01,Sst,1.0,Sst_12,1.0,7.316680494944254
PCS4_200908_656_A01,Pvalb,1.0,Pvalb_15,0.9333333333333333,9.465646680196127
PCS4_200908_654_A01,Pvalb,1.0,Pvalb_9,0.6666666666666666,12.818098386128744
PCS4_200908_653_A01,Pvalb,1.0,Pvalb_15,0.6,7.377635351816813
PCS4_200909_355_A01,Sst,1.0,Sst_19,1.0,16.387378374735516
PCS4_200909_351_A01,Sst,1.0,Sst_19,0.9333333333333333,15.669039154052735
PCS4_200909_354_A01,Vip,1.0,Vip_13,0.5333333333333333,16.32032502492269
PCS4_201221_653_A01,Sst,1.0,Sst_19,0.6666666666666666,10.219507026672364
PCS4_200127_654_A01,Sst,1.0,Sst_25,1.0,6.608905537923177
PCS4_200123_353_A01,Pvalb,1.0,Pvalb_10,0.6666666666666666,9.474691454569498
PCS4_200127_651_A01,Pvalb,1.0,Pvalb_1,1.0,11.414319928487142
PCS4_200127_653_A01,Pvalb,1.0,Pvalb_2,0.8,7.736472288767497
PCS4_200123_652_A01,Pvalb,1.0,Pvalb_12,0.9333333333333333,11.590472348531087
PCS4_200127_655_A01,Pvalb,1.0,Pvalb_10,0.6666666666666666,12.065289179484049
PCS4_200123_352_A01,Pvalb,1.0,Pvalb_1,0.8,14.126994705200195
PCS4_200127_652_A01,Sst,1.0,Sst_25,0.8,7.385056686401367
PCS4_200123_654_A01,Pvalb,0.9333333333333333,Pvalb_7,0.9333333333333333,11.676404698689778
PCS4_200123_351_A01,Pvalb,1.0,Pvalb_7,0.4,10.263370196024576
PCS4_200123_653_A01,Sst,1.0,Sst_5,0.4,9.562027867635091
PCS4_200127_454_A01,Sst,1.0,Sst_10,0.5333333333333333,15.06766242980957
PCS4_200522_654_A01,Sst,1.0,Sst_25,1.0,12.131671206156414
PCS4_200527_652_A01,Lamp5,1.0,Lamp5_2,1.0,9.484974352518718
PCS4_200527_653_A01,Pvalb,1.0,Pvalb_9,1.0,15.259348678588868
PCS4_200527_654_A01,Pvalb,1.0,Pvalb_2,0.6,8.23623441060384
PCS4_200522_652_A01,Pvalb,1.0,Pvalb_15,0.7333333333333333,9.748095893859864
PCS4_200522_653_A01,Pvalb,1.0,Pvalb_13,0.6,8.549552122751871
PCS4_200527_651_A01,Pvalb,1.0,Pvalb_15,1.0,8.555600929260255
PCS4_200601_652_A01,Pvalb,1.0,Pvalb_15,0.4666666666666667,9.85776424407959
PCS4_200528_351_A01,Pvalb,1.0,Pvalb_15,0.8666666666666667,8.15987564722697
PCS4_200528_352_A01,Pvalb,1.0,Pvalb_15,0.8,12.07224604288737
PCS4_200601_657_A01,Pvalb,1.0,Pvalb_15,0.5333333333333333,10.996723937988282
PCS4_200601_655_A01,Sst,0.8,Sst_10,0.5333333333333333,16.303408241271974
PCS4_200528_353_A01,Pvalb,1.0,Pvalb_15,0.8,10.256822268168131
PCS4_200522_651_A01,Sst,1.0,Sst_19,1.0,7.163692506154378
PCS4_200528_354_A01,Sst,1.0,Sst_12,0.8666666666666667,8.526237551371256
PCS4_200706_352_A01,Vip,1.0,Vip_13,0.6,20.937552642822265
PCS4_200707_452_A01,Sst,1.0,Sst_19,0.9333333333333333,10.209477615356445
PCS4_200629_352_A01,Sst,1.0,Sst_19,1.0,11.4367005666097
PCS4_200629_651_A01,Pvalb,1.0,Pvalb_15,0.6,12.677750396728516
PCS4_200702_651_A01,Sst,1.0,Sst_5,0.8666666666666667,7.824387327829997
PCS4_200629_351_A01,Sst,1.0,Sst_19,0.9333333333333333,11.459234937032063
PCS4_201002_651_A01,Lamp5 Lhx6,1.0,Lamp5_Lhx6_1,1.0,8.879185549418132
PCS4_200928_451_A01,Sst,1.0,Sst_9,1.0,7.390357494354248
PCS4_200928_452_A01,Pvalb,1.0,Pvalb_10,0.4666666666666667,10.158828926086425
PCS4_201028_451_A01,Sst,1.0,Sst_25,0.8,10.062533823649089
PCS4_201020_451_A01,Sst,1.0,Sst_19,0.8666666666666667,14.654311052958171
PCS4_201020_452_A01,Sst,1.0,Sst_19,1.0,10.21772060394287
PCS4_201020_454_A01,Lamp5 Lhx6,1.0,Lamp5_Lhx6_1,1.0,6.655716641743978
PCS4_201021_653_A01,Pvalb,1.0,Pvalb_15,1.0,7.26880210240682
PCS4_201020_453_A01,Pvalb,1.0,Pvalb_2,0.3333333333333333,9.241925048828126
PCS4_201021_651_A01,Pvalb,1.0,Pvalb_14,1.0,6.8674700101216635
PCS4_201029_651_A01,Vip,1.0,Vip_13,0.4666666666666667,13.673122723897299
PCS4_201028_453_A01,Sst,1.0,Sst_12,0.9333333333333333,8.077783679962158
PCS4_201020_455_A01,Sst,0.9333333333333333,Sst_9,0.5333333333333333,12.933011563618978
PCS4_201030_656_A01,Sst,1.0,Sst_25,1.0,5.737208334604899
PCS4_201030_652_A01,Pvalb,1.0,Pvalb_12,0.6,9.918454043070476
PCS4_201030_653_A01,Lamp5 Lhx6,1.0,Lamp5_Lhx6_1,1.0,15.830070241292317
PCS4_201030_655_A01,Vip,1.0,Vip_19,0.4,15.94667059580485
PCS4_201030_451_A01,Pvalb,1.0,Pvalb_15,0.5333333333333333,13.939348538716635
PCS4_201030_452_A01,Pvalb,1.0,Pvalb_1,0.4,9.701646931966145
PCS4_201106_453_A01,Pax6,1.0,Pax6_3,0.6666666666666666,10.707464981079102
PCS4_201030_654_A01,Pvalb,1.0,Pvalb_2,0.8,7.93486598332723
PCS4_201106_451_A01,Sst,1.0,Sst_19,0.8,9.320596440633137
PCS4_201106_454_A01,Pvalb,1.0,Pvalb_15,1.0,8.29728463490804
PCS4_201106_455_A01,Pvalb,1.0,Pvalb_12,0.8666666666666667,11.03318583170573
PCS4_201209_652_A01,Sst,1.0,Sst_19,0.6,8.92231330871582
PCS4_201030_651_A01,Sst,0.9333333333333333,Sst_25,0.8,16.144600486755373
PCS4_201026_351_A01,Sst,1.0,Sst_12,1.0,7.592069307963054
PCS4_201026_352_A01,Sst,1.0,Sst_10,0.4666666666666667,13.45370724995931
PXS4_190207_352_A01,Sst,1.0,Sst_19,0.9333333333333333,17.018669827779135
PCS4_190909_357_A01,Sst,1.0,Sst_19,0.5333333333333333,11.2960054397583
PCS4_201209_651_A01,Pvalb,1.0,Pvalb_1,0.8666666666666667,11.671814600626627
PCS4_201209_653_A01,Sst,1.0,Sst_19,0.9333333333333333,15.608525848388672
PCS4_201209_657_A01,Sst,1.0,Sst_19,1.0,9.945981407165528
PCS4_201209_655_A01,Sst,1.0,Sst_19,1.0,8.344983609517415
PCS4_201208_453_A01,Pvalb,1.0,Pvalb_12,0.7333333333333333,8.918120193481446
PCS4_201208_454_A01,Pvalb,1.0,Pvalb_9,0.8666666666666667,15.654715410868327
PCS4_201208_455_A01,Pvalb,1.0,Pvalb_9,0.9333333333333333,16.278333727518717
PCS4_201211_803_A01,Lamp5 Lhx6,1.0,Lamp5_Lhx6_1,1.0,6.905846055348714
PCS4_201211_652_A01,Pvalb,1.0,Pvalb_13,0.4666666666666667,7.489916038513184
PCS4_201211_801_A01,Sst,1.0,Sst_19,0.4666666666666667,12.939737828572591
PCS4_201208_451_A01,Sst,1.0,Sst_3,0.6666666666666666,15.368307367960613
PCS4_201211_802_A01,Sst,1.0,Sst_13,0.4666666666666667,14.221553421020507
PCS4_201211_654_A01,Sst,1.0,Sst_4,0.7333333333333333,12.57399679819743
PCS4_201211_651_A01,Pvalb,1.0,Pvalb_9,0.6666666666666666,12.766967709859212
PCS4_201211_655_A01,Pvalb,1.0,Pvalb_9,0.8,16.678011576334637
PCS4_201211_653_A01,Sst,1.0,Sst_1,1.0,12.183538436889648
PGS4_200122_703_A01,Sst Chodl,1.0,Sst Chodl_1,1.0,53.81894760131836
PGS4_200218_704_A01,Vip,0.9333333333333333,Vip_15,0.6666666666666666,13.749755668640137
PGS4_200227_708_A01,Lamp5 Lhx6,1.0,Lamp5_Lhx6_1,1.0,11.412816111246745
PGS4_200303_805_A01,Vip,1.0,Vip_14,0.5333333333333333,12.092115847269694
PGS4_200303_803_A01,Sst,1.0,Sst_19,0.8,10.746798896789551
PGS4_201013_701_A01,Pvalb,1.0,Pvalb_15,0.6666666666666666,7.058512274424235
PHS4_200304_603_A01,Pvalb,1.0,Pvalb_12,0.4,7.9333239237467446
PHS4_200615_601_A01,Pvalb,1.0,Pvalb_9,0.5333333333333333,14.606395467122395
PHS4_200819_602_A01,Vip,1.0,Vip_9,0.6,16.73201192220052
PCS4_201106_452_A01,Sst,1.0,Sst_19,0.7333333333333333,14.253560702006022
PCS4_210202_651_A01,Pvalb,1.0,Pvalb_12,0.5333333333333333,11.009757041931152
PCS4_210202_652_A01,Pvalb,1.0,Pvalb_6,0.7333333333333333,8.853956031799317
PCS4_210129_652_A01,Sst Chodl,0.7333333333333333,Sst Chodl_2,0.7333333333333333,16.081027857462566
PCS4_210224_804_A01,Sst,1.0,Sst_25,0.5333333333333333,8.822514947255453
PCS4_210224_805_A01,Sst,1.0,Sst_11,0.7333333333333333,8.495088926951091
PAS4_210309_456_A01,Vip,1.0,Vip_4,1.0,9.9311705271403
PCS4_210112_653_A01,Pvalb,1.0,Pvalb_1,0.5333333333333333,14.058829625447592
PCS4_210112_656_A01,Pvalb,1.0,Pvalb_15,0.5333333333333333,11.26371472676595
PCS4_210112_658_A01,Pvalb,1.0,Pvalb_15,0.8,6.612298583984375
PCS4_210112_659_A01,Pvalb,1.0,Pvalb_15,0.6666666666666666,10.106965065002441
PCS4_210115_453_A01,Pvalb,1.0,Pvalb_15,0.6666666666666666,7.222472190856934
PCS4_210112_654_A01,Sst,1.0,Sst_1,1.0,9.966612688700359
PCS4_210115_451_A01,Pvalb,1.0,Pvalb_3,1.0,8.50358943939209
PCS4_210119_654_A01,Pvalb,1.0,Pvalb_15,0.9333333333333333,8.158867931365966
PCS4_210119_453_A01,Sst,0.9333333333333333,Sst_7,0.7333333333333333,17.402145131429037
PCS4_210119_652_A01,Pvalb,1.0,Pvalb_3,0.7333333333333333,9.510180727640789
PCS4_210119_655_A01,Vip,0.6666666666666666,Vip_4,0.4,11.896098391215007
PCS4_210519_452_A01,Pvalb,1.0,Pvalb_1,0.6666666666666666,12.03195858001709
PCS4_210517_452_A01,Lamp5,0.6,Lamp5_Lhx6_1,0.4,11.621524365743001
PCS4_210517_453_A01,Pvalb,0.8,Pvalb_6,0.6,14.648684628804524
PHS4_210317_101_A01,Lamp5 Lhx6,1.0,Lamp5_Lhx6_1,1.0,13.82564474741618
P1S4_190321_002_A01,Pax6,1.0,Pax6_1,1.0,10.467691548665364
P1S4_190321_003_A01,Pax6,1.0,Pax6_1,1.0,7.8888652165730795
P2S4_171220_052_A01,Pax6,1.0,Pax6_1,1.0,7.257469876607259
P2S4_190321_056_A01,Pax6,0.8666666666666667,Pax6_1,0.8666666666666667,16.364556566874185
P8S4_171219_359_A01,Pax6,1.0,Pax6_1,0.8666666666666667,10.994808832804361
P8S4_171220_356_A01,Pax6,1.0,Pax6_1,1.0,9.466328303019205
P8S4_180718_354_A01,Pax6,1.0,Pax6_1,1.0,7.133489640553792
P8S4_190122_353_A01,Vip,1.0,Vip_1,0.5333333333333333,18.572420183817545
P8S4_190305_357_A01,Vip,0.9333333333333333,Vip_11,0.5333333333333333,21.650292332967123
P8S4_190311_351_A01,Pax6,1.0,Pax6_1,1.0,10.423508644104004
P8S4_190311_355_A01,Vip,1.0,Vip_1,0.6,18.486561965942382
P8S4_190321_353_A01,Pax6,1.0,Pax6_1,1.0,8.727517382303875
P8S4_190321_354_A01,Pax6,1.0,Pax6_1,0.8666666666666667,18.541980997721353
P8S4_190603_352_A01,Pax6,1.0,Pax6_1,1.0,9.16902567545573
P8S4_200225_360_A01,Vip,1.0,Vip_2,0.4666666666666667,15.680470212300618
P9S4_180312_404_A01,Pax6,1.0,Pax6_1,1.0,11.729914093017578
P9S4_180320_411_A01,Pax6,1.0,Pax6_1,0.8,13.44221216837565
P9S4_180621_403_A01,Pax6,1.0,Pax6_1,1.0,7.612183856964111
PES4_190305_660_A01,Pax6,1.0,Pax6_1,1.0,8.180151462554932
PES4_190709_664_A01,Pax6,1.0,Pax6_1,1.0,14.605856450398763
PES4_200204_660_A01,Pax6,1.0,Pax6_1,1.0,7.162578423817952
PFS4_190122_703_A01,Vip,1.0,Vip_1,0.4,16.42740968068441
PFS4_190723_702_A01,Pax6,1.0,Pax6_1,1.0,11.895483716328938
PGS4_180125_001_A01,Pax6,1.0,Pax6_1,1.0,7.986602687835694
PGS4_180620_802_A01,Pax6,1.0,Pax6_2,0.8666666666666667,13.257341575622558
PGS4_180810_609_A01,Pax6,1.0,Pax6_1,1.0,10.770460828145344
PGS4_200703_801_A01,Vip,1.0,Vip_1,0.8,13.71880709330241
PHS4_180321_203_A01,Pax6,1.0,Pax6_1,1.0,10.998916880289714
PHS4_191015_601_A01,Pax6,0.9333333333333333,Pax6_1,0.8,12.84911715189616
PHS4_201021_101_A01,Pax6,1.0,Pax6_1,1.0,6.234618663787842
PHS4_210219_102_A01,Pax6,1.0,Pax6_2,0.5333333333333333,8.712278334299723
PHS4_211103_103_A01,Pax6,1.0,Pax6_2,0.9333333333333333,20.307663599650066
P1S4_160929_009_A01,Vip,1.0,Vip_1,0.5333333333333333,13.955545997619629
PAS4_190603_453_A01,Pax6,1.0,Pax6_1,1.0,7.315021610260009
PGS4_200818_702_A01,Vip,1.0,Vip_1,0.4666666666666667,16.37540276845296
PHS4_211103_101_A01,Pax6,1.0,Pax6_1,0.8666666666666667,7.18976354598999
P2S4_190108_051_A01,Vip,1.0,Vip_11,0.6,16.823216501871745
PES4_200204_662_A01,Pax6,1.0,Pax6_1,1.0,7.4541922887166345
PHS4_201021_104_A01,Pax6,1.0,Pax6_1,1.0,10.747100448608398
P2S4_170712_055_A01,Pax6,1.0,Pax6_1,0.9333333333333333,6.447956530253093
P8S4_190321_357_A01,Pax6,1.0,Pax6_1,0.6666666666666666,11.675472958882649
PGS4_190524_702_A01,Pax6,0.6,Pax6_1,0.3333333333333333,12.83511791229248
PGS4_200227_701_A01,Pax6,1.0,Pax6_1,1.0,14.107953961690267
P8S4_190122_352_A01,Vip,1.0,Vip_1,0.5333333333333333,19.12106081644694
PKS4_210421_225_A01,Pax6,1.0,Pax6_1,0.9333333333333333,10.205807495117188
P8S4_200121_359_A01,Pax6,1.0,Pax6_2,0.8666666666666667,9.694974899291992
PES4_190321_660_A01,Pax6,1.0,Pax6_2,1.0,11.049964841206869
PHS4_211020_601_A01,Pax6,1.0,Pax6_2,1.0,17.46536350250244
P1S4_190122_001_A01,Lamp5,1.0,Lamp5_5,1.0,12.753872934977213
P1S4_190321_007_A01,Lamp5,1.0,Lamp5_5,0.8666666666666667,6.966405391693115
P1S4_190419_003_A01,Lamp5,1.0,Lamp5_5,1.0,9.095838165283203
P1S4_190419_005_A01,Lamp5,1.0,Lamp5_4,0.6,7.78371410369873
P1S4_190419_006_A01,Lamp5,1.0,Lamp5_5,0.9333333333333333,7.513311735788981
P2S4_171219_053_A01,Lamp5,0.9333333333333333,Lamp5_6,0.6,11.280714861551921
P2S4_171219_056_A01,Lamp5,1.0,Lamp5_5,0.6,13.915852864583334
P2S4_180807_054_A01,Lamp5,1.0,Lamp5_5,0.5333333333333333,11.02008794148763
P2S4_190321_052_A01,Lamp5,1.0,Lamp5_5,1.0,14.023022270202636
P2S4_190813_051_A01,Lamp5,1.0,Lamp5_5,1.0,7.298754533131917
P5S4_170323_205_A01,Lamp5,1.0,Lamp5_5,0.6666666666666666,8.681474208831787
P5S4_170524_201_A01,Lamp5,1.0,Lamp5_5,0.7333333333333333,12.60648988087972
P7S4_210817_301_A01,Lamp5,1.0,Lamp5_5,0.9333333333333333,8.832199414571127
P8S4_180320_361_A01,Vip,1.0,Vip_1,0.9333333333333333,13.357348251342774
P8S4_190122_355_A01,Lamp5,1.0,Lamp5_5,0.6,7.778337891896566
P8S4_190122_360_A01,Lamp5,1.0,Lamp5_5,0.8666666666666667,9.077758089701335
P8S4_190311_353_A01,Lamp5,1.0,Lamp5_5,0.6666666666666666,10.559463946024577
P8S4_190311_359_A01,Lamp5,1.0,Lamp5_5,1.0,7.685399341583252
P8S4_190311_360_A01,Lamp5,1.0,Lamp5_4,0.6,8.958220291137696
P8S4_190321_352_A01,Lamp5,1.0,Lamp5_5,0.8666666666666667,9.580015563964844
P8S4_190321_358_A01,Lamp5,1.0,Lamp5_5,0.8666666666666667,6.794532267252604
P8S4_190419_354_A01,Lamp5,1.0,Lamp5_4,0.5333333333333333,5.898004595438639
P8S4_190419_358_A01,Lamp5,1.0,Lamp5_5,1.0,5.259616883595784
P8S4_190723_357_A01,Lamp5,1.0,Lamp5_5,0.9333333333333333,6.741580645243327
P8S4_191203_353_A01,Lamp5,1.0,Lamp5_4,0.7333333333333333,8.036881415049235
P8S4_191203_354_A01,Lamp5,1.0,Lamp5_5,0.6666666666666666,19.132015228271484
P8S4_200121_352_A01,Lamp5,1.0,Lamp5_5,1.0,7.035479736328125
P8S4_200121_358_A01,Lamp5,1.0,Lamp5_5,0.9333333333333333,9.746556599934896
P8S4_200121_360_A01,Lamp5,1.0,Lamp5_5,0.8666666666666667,13.031185722351074
P9S4_171219_403_A01,Vip,1.0,Vip_1,0.4666666666666667,15.486264483133953
P9S4_180220_404_A01,Vip,1.0,Vip_1,0.9333333333333333,15.02587210337321
P9S4_180417_406_A01,Lamp5,1.0,Lamp5_5,1.0,8.929692586263021
P9S4_180424_409_A01,Lamp5,1.0,Lamp5_5,0.9333333333333333,10.3484437306722
P9S4_180424_413_A01,Vip,1.0,Vip_1,0.4,13.735156313578289
PAS4_190321_451_A01,Lamp5,1.0,Lamp5_5,0.6666666666666666,8.035592365264893
PAS4_190603_454_A01,Lamp5,1.0,Lamp5_3,0.6,6.91751168568929
PAS4_190603_455_A01,Lamp5,1.0,Lamp5_5,1.0,7.926465956370036
PAS4_190603_456_A01,Vip,1.0,Vip_1,0.5333333333333333,9.844229125976563
PAS4_210817_452_A01,Vip,1.0,Vip_1,0.6666666666666666,12.226200421651205
PAS4_210817_453_A01,Vip,0.7333333333333333,Vip_1,0.6666666666666666,16.280839665730795
PBS4_180313_505_A01,Vip,1.0,Vip_1,0.5333333333333333,19.611774953206382
PBS4_180313_509_A01,Vip,1.0,Vip_13,0.5333333333333333,17.166624196370442
PBS4_180522_502_A01,Lamp5,1.0,Lamp5_5,0.9333333333333333,7.101705328623454
PBS4_180621_501_A01,Lamp5,1.0,Lamp5_5,0.8666666666666667,8.960885206858316
PES4_181030_651_A01,Lamp5,1.0,Lamp5_5,0.7333333333333333,8.30939858754476
PES4_190108_657_A01,Lamp5,1.0,Lamp5_5,1.0,7.966635449727376
PES4_190122_663_A01,Lamp5,1.0,Lamp5_5,1.0,7.030078156789144
PES4_190305_657_A01,Lamp5,1.0,Lamp5_5,0.8666666666666667,9.553822644551595
PES4_190311_652_A01,Lamp5,1.0,Lamp5_5,1.0,7.136164665222168
PES4_190311_655_A01,Lamp5,1.0,Lamp5_5,1.0,8.607041454315185
PES4_190311_656_A01,Lamp5,1.0,Lamp5_5,1.0,7.2640443166097
PES4_190321_658_A01,Lamp5,1.0,Lamp5_4,0.6666666666666666,10.384880002339681
PES4_190603_652_A01,Lamp5,0.9333333333333333,Lamp5_5,0.8,16.433515485127767
PES4_190603_653_A01,Lamp5,1.0,Lamp5_5,1.0,11.901670138041178
PES4_190603_654_A01,Lamp5,1.0,Lamp5_5,0.9333333333333333,8.572790622711182
PES4_190603_656_A01,Lamp5,1.0,Lamp5_4,0.6,7.3508808771769205
PES4_190603_657_A01,Lamp5,1.0,Lamp5_5,0.9333333333333333,6.857184918721517
PES4_190723_653_A01,Vip,1.0,Vip_1,0.7333333333333333,13.309299341837566
PES4_191203_656_A01,Lamp5,1.0,Lamp5_5,1.0,8.751527881622314
PES4_200204_659_A01,Lamp5,1.0,Lamp5_5,1.0,11.088844871520996
PES4_200204_664_A01,Lamp5,1.0,Lamp5_5,1.0,6.557017358144124
PES4_200225_662_A01,Lamp5,1.0,Lamp5_5,0.8,11.616892433166504
PFS4_190416_704_A01,Lamp5,1.0,Lamp5_5,0.5333333333333333,7.390831883748373
PGS4_180919_703_A01,Lamp5,0.7333333333333333,Lamp5_6,0.4,14.729143969217937
PGS4_190619_204_A01,Lamp5,1.0,Lamp5_5,0.8,16.359281285603842
PGS4_190619_206_A01,Lamp5,0.7333333333333333,Lamp5_6,0.6666666666666666,11.95667184193929
PGS4_190619_207_A01,Lamp5,1.0,Lamp5_5,0.5333333333333333,7.970358975728353
PGS4_190619_209_A01,Lamp5,1.0,Lamp5_5,0.9333333333333333,9.787188847859701
PGS4_191213_303_A01,Lamp5,1.0,Lamp5_5,0.8,9.585991032918294
PGS4_191213_707_A01,Lamp5,1.0,Lamp5_6,0.8,10.617560768127442
PGS4_200123_803_A01,Vip,1.0,Vip_1,0.4666666666666667,13.323235321044923
PGS4_200218_805_A01,Vip,1.0,Vip_1,0.8,13.086644490559896
PGS4_200703_802_A01,Lamp5,1.0,Lamp5_5,0.8666666666666667,9.178071562449137
PGS4_211102_702_A01,Lamp5,1.0,Lamp5_5,0.9333333333333333,11.068393452962239
PHS4_181212_301_A01,Lamp5,1.0,Lamp5_5,0.8666666666666667,9.353647104899089
PHS4_190402_401_A01,Lamp5,1.0,Lamp5_5,0.8666666666666667,11.585586484273275
PHS4_190402_403_A01,Lamp5,1.0,Lamp5_5,0.8666666666666667,6.816836992899577
PHS4_191015_403_A01,Lamp5,1.0,Lamp5_5,0.6666666666666666,9.772325579325358
PHS4_200304_101_A01,Lamp5,1.0,Lamp5_5,0.9333333333333333,11.571711158752441
PHS4_200930_104_A01,Lamp5,1.0,Lamp5_6,0.5333333333333333,8.607231585184733
PHS4_211103_602_A01,Lamp5,0.8666666666666667,Lamp5_6,0.5333333333333333,15.378303782145183
PHS4_211110_103_A01,Lamp5,1.0,Lamp5_5,0.5333333333333333,11.258750661214192
PJS4_210817_803_A01,Lamp5,1.0,Lamp5_5,0.7333333333333333,8.262249914805095
PGS4_200819_703_A01,Lamp5,1.0,Lamp5_4,0.6,14.208947118123373
P8S4_200121_353_A01,Lamp5,0.8666666666666667,Lamp5_6,0.7333333333333333,8.034189637502035
PAS4_210817_454_A01,Vip,1.0,Vip_11,0.6,13.824491818745932
P1S4_170214_001_A01,Lamp5,1.0,Lamp5_6,0.8,8.21258373260498
PGS4_191122_303_A01,Lamp5,1.0,Lamp5_3,0.5333333333333333,12.017946815490722
PGS4_190409_705_A01,Lamp5,0.5333333333333333,Lamp5_5,0.26666666666666666,16.31432819366455
PHS4_210526_101_A01,Vip,1.0,Vip_1,0.8,11.690764427185059
PGS4_200122_702_A01,Vip,1.0,Vip_19,0.4,14.671610641479493
PAS4_190305_451_A01,Vip,1.0,Vip_1,0.8666666666666667,14.19856039683024
PGS4_180620_804_A01,Lamp5,1.0,Lamp5_3,0.6,19.029905954996746
PHS4_210721_605_A01,Lamp5,0.7333333333333333,Lamp5_5,0.4,14.552649243672688
PAS4_190108_454_A01,Pvalb,0.8666666666666667,Pvalb_7,0.7333333333333333,18.68783861796061
P9S4_171205_402_A01,Vip,0.6666666666666666,Vip_23,0.6666666666666666,14.742606608072917
PGS4_190329_703_A01,Vip,0.8666666666666667,Vip_23,0.4,18.29559758504232
PGS4_190329_802_A01,Vip,1.0,Vip_1,0.8666666666666667,12.014211654663086
PFS4_190305_703_A01,Vip,1.0,Vip_1,0.6666666666666666,15.472264417012532
P0S4_160816_733_A01,Lamp5,1.0,Lamp5_2,1.0,9.359567896525066
P1S4_170614_005_A01,Lamp5,1.0,Lamp5_2,1.0,8.835274569193523
P1S4_170620_015_A01,Lamp5,1.0,Lamp5_2,0.7333333333333333,7.291626612345378
P8S4_170822_355_A01,Lamp5,1.0,Lamp5_2,1.0,8.239480304718018
P8S4_180816_356_A01,Vip,1.0,Vip_13,0.4,14.646361605326335
P9S4_171219_406_A01,Vip,1.0,Vip_11,0.5333333333333333,18.666706975301107
PAS4_180313_453_A01,Lamp5,1.0,Lamp5_2,0.9333333333333333,13.680276807149252
PAS4_190603_451_A01,Lamp5,1.0,Lamp5_2,1.0,7.525290679931641
PES4_190125_653_A01,Lamp5,1.0,Lamp5_2,0.9333333333333333,12.724601554870606
PES4_190305_658_A01,Lamp5,1.0,Lamp5_2,0.8,10.374623870849609
PGS4_200123_802_A01,Vip,1.0,Vip_1,0.7333333333333333,13.226639874776204
P8S4_190311_352_A01,Lamp5,1.0,Lamp5_2,0.8,7.378696346282959
PKS4_210413_226_A01,Lamp5,1.0,Lamp5_2,1.0,7.203043015797933
PRS4_210921_254_A01,Sst Chodl,0.6,Sst Chodl_1,0.5333333333333333,25.78870061238607
P2S4_190321_054_A01,Lamp5,1.0,Lamp5_2,0.9333333333333333,7.939563051859538
P2S4_170524_053_A01,Lamp5,1.0,Lamp5_2,1.0,9.96048698425293
PES4_190122_654_A01,Lamp5,1.0,Lamp5_2,0.8666666666666667,8.630649979909261
PHS4_210721_603_A01,Pvalb,1.0,Pvalb_9,0.6,11.55399792989095
PHS4_211110_101_A01,Lamp5,1.0,Lamp5_2,0.8666666666666667,7.7529630343119305
PHS4_191101_102_A01,Lamp5,1.0,Lamp5_3,0.4666666666666667,10.189294052124023
P1S4_160831_958_A01,Lamp5,1.0,Lamp5_2,0.8666666666666667,8.610807863871257
PAS4_190425_455_A01,Lamp5,1.0,Lamp5_2,1.0,9.105119323730468
P9S4_180508_410_A01,Lamp5,1.0,Lamp5_2,0.9333333333333333,5.659198665618897
PES4_190122_651_A01,Lamp5,1.0,Lamp5_2,0.8666666666666667,6.72325169245402
PES4_200225_658_A01,Lamp5,1.0,Lamp5_2,0.5333333333333333,8.984283638000488
P8S4_190709_361_A01,Lamp5,1.0,Lamp5_3,0.8,16.62994664510091
P2S4_190321_051_A01,Lamp5,1.0,Lamp5_2,0.7333333333333333,11.298384284973144
PAS4_191105_455_A01,Lamp5,1.0,Lamp5_2,0.9333333333333333,5.9800949414571125
PGS4_180427_801_A01,Lamp5,0.8666666666666667,Lamp5_3,0.5333333333333333,20.664976501464842
PBS4_180320_504_A01,Lamp5,1.0,Lamp5_3,0.6666666666666666,8.793868478139242
PHS4_210219_103_A01,Lamp5,1.0,Lamp5_3,0.6,11.990193176269532
P8S4_190108_358_A01,Sncg,1.0,Sncg_5,0.7333333333333333,15.098541450500488
PES4_190311_651_A01,Sncg,1.0,Sncg_5,0.4,9.834859593709309
P9S4_171205_408_A01,Sncg,1.0,Sncg_1,0.6,8.1220472017924
PHS4_181212_303_A01,Vip,1.0,Vip_1,0.8,13.943406232198079
PGS4_200427_701_A01,Vip,1.0,Vip_13,0.5333333333333333,12.77560125986735
P8S4_190108_359_A01,Sncg,1.0,Sncg_8,0.6666666666666666,14.054126421610514
PHS4_190313_403_A01,Sncg,1.0,Sncg_8,0.6666666666666666,15.168527475992839
PGS4_200218_804_A01,Sncg,1.0,Sncg_8,0.7333333333333333,20.517358525594076
P8S4_190419_357_A01,Sncg,1.0,Sncg_5,1.0,9.65401725769043
P9S4_180424_405_A01,Sncg,1.0,Sncg_4,0.9333333333333333,16.677604166666665
PES4_181025_655_A01,Sncg,1.0,Sncg_4,0.5333333333333333,9.646787134806315
PGS4_190524_703_A01,Sncg,0.9333333333333333,Sncg_4,0.8666666666666667,15.81818765004476
PGS4_200828_701_A01,Sncg,1.0,Sncg_5,0.4666666666666667,9.661761983235676
PRS4_220127_253_A01,Sncg,1.0,Sncg_4,0.7333333333333333,11.236861610412598
P8S4_180201_353_A01,Sncg,1.0,Sncg_4,1.0,10.67883071899414
P8S4_190122_351_A01,Sncg,1.0,Sncg_4,0.7333333333333333,8.413339614868164
P9S4_180417_410_A01,Sncg,1.0,Sncg_4,0.8666666666666667,11.82601203918457
PAS4_190305_454_A01,Sncg,1.0,Sncg_4,0.4,12.32140916188558
PES4_190122_653_A01,Sncg,1.0,Sncg_5,0.4,10.44355125427246
PGS4_200218_803_A01,Sncg,1.0,Sncg_5,0.7333333333333333,8.915396912892659
PHS4_190321_403_A01,Sncg,1.0,Sncg_5,0.7333333333333333,6.636667760213216
P1S4_190321_005_A01,Sncg,1.0,Sncg_4,0.9333333333333333,6.816589577992757
P9S4_180808_403_A01,Sncg,1.0,Sncg_4,1.0,6.733527088165284
P1S4_180522_001_A01,Sncg,1.0,Sncg_4,0.9333333333333333,17.492093149820963
P9S4_180508_405_A01,Sncg,1.0,Sncg_4,0.4666666666666667,8.909562110900879
PGS4_180919_806_A01,Sncg,1.0,Sncg_8,0.6,15.541288820902507
PHS4_190321_202_A01,Sncg,1.0,Sncg_5,0.5333333333333333,10.667977333068848
PHS4_190321_402_A01,Sncg,1.0,Sncg_4,0.4666666666666667,12.615431912740071
P8S4_200204_359_A01,Sncg,1.0,Sncg_4,0.8666666666666667,12.340125274658202
P9S4_180807_426_A01,Sncg,0.6666666666666666,Sncg_4,0.26666666666666666,16.68332201639811
PAS4_190122_455_A01,Sncg,1.0,Sncg_4,0.7333333333333333,14.490348879496256
PGS4_191122_301_A01,Sncg,1.0,Sncg_4,0.5333333333333333,9.622077941894531
PHS4_210616_103_A01,Sncg,1.0,Sncg_5,0.8666666666666667,11.375240580240886
P2S4_170712_054_A01,Sncg,1.0,Sncg_4,0.8,10.114394187927246
P7S4_170531_305_A01,Sncg,1.0,Sncg_4,0.6666666666666666,14.304546038309732
PAS4_190108_457_A01,Sncg,0.5333333333333333,Sncg_5,0.3333333333333333,25.081958134969074
PHS4_210825_105_A01,Sncg,1.0,Sncg_4,0.6666666666666666,9.786919085184733
P2S4_170620_059_A01,Sncg,1.0,Sncg_5,0.6666666666666666,11.876261138916016
PJS4_210817_802_A01,Sncg,1.0,Sncg_4,0.6,14.578179550170898
PHS4_181203_203_A01,Sncg,1.0,Sncg_4,0.8,10.700984001159668
PHS4_181203_207_A01,Sncg,1.0,Sncg_8,1.0,7.770413335164388
PHS4_181203_205_A01,Sncg,1.0,Sncg_8,0.9333333333333333,12.704463450113932
PHS4_210825_103_A01,Sncg,1.0,Sncg_8,0.6,10.058123715718587
PGS4_191213_305_A01,Sncg,1.0,Sncg_8,0.5333333333333333,15.788430722554525
PGS4_200702_803_A01,Pvalb,1.0,Pvalb_9,1.0,16.494908205668132
PHS4_210825_104_A01,Sncg,1.0,Sncg_5,0.6,9.653347333272299
PES4_200204_663_A01,Sncg,1.0,Sncg_4,1.0,8.51298147837321
PGS4_200123_801_A01,Vip,1.0,Vip_12,0.6,12.24136823018392
P8S4_191203_357_A01,Sncg,0.9333333333333333,Sncg_8,0.4,20.14954210917155
P2S4_190311_052_A01,Sncg,1.0,Sncg_5,0.7333333333333333,9.492134793599446
P2S4_171212_054_A01,Sncg,1.0,Sncg_8,0.6,12.292210261027018
PES4_200114_658_A01,Sncg,1.0,Sncg_1,0.4666666666666667,9.017876116434733
PHS4_190211_201_A01,Sncg,0.5333333333333333,Vip_15,0.3333333333333333,9.521263885498048
P2S4_190813_052_A01,Sncg,0.9333333333333333,Sncg_1,0.6666666666666666,8.905492941538492
PAS4_200204_455_A01,Vip,0.8666666666666667,Vip_15,0.6666666666666666,9.776973088582357
PHS4_210303_101_A01,Sncg,0.7333333333333333,Sncg_8,0.4666666666666667,15.376326624552409
P5S4_170614_201_A01,Sncg,0.8666666666666667,Sncg_1,0.8666666666666667,10.946652793884278
PHS4_211103_102_A01,Sncg,0.9333333333333333,Sncg_2,0.5333333333333333,7.974997393290201
PHS4_190321_205_A01,Vip,0.9333333333333333,Vip_15,0.9333333333333333,9.790618832906087
P7S4_171011_301_A01,Sncg,0.8666666666666667,Sncg_2,0.6,11.858568827311197
PGS4_190409_804_A01,Vip,1.0,Vip_15,0.4,9.796485710144044
PGS4_200828_703_A01,Vip,1.0,Vip_11,0.4666666666666667,10.359142430623372
PHS4_200624_102_A01,Sncg,0.8,Sncg_1,0.5333333333333333,15.935912322998046
PBS4_181218_503_A01,Sncg,1.0,Sncg_6,0.7333333333333333,9.626991081237794
PES4_181025_654_A01,Sncg,1.0,Sncg_6,0.8,9.166228993733723
PES4_191203_657_A01,Sncg,1.0,Sncg_6,0.9333333333333333,12.529952239990234
PFS4_190416_703_A01,Sncg,1.0,Sncg_6,0.9333333333333333,8.022885163625082
PAS4_181026_451_A01,Sncg,1.0,Sncg_6,0.8,9.400930595397949
PES4_190108_655_A01,Sncg,1.0,Sncg_6,1.0,10.756077639261882
PFS4_190321_702_A01,Sncg,1.0,Sncg_6,1.0,6.883788140614827
PFS4_190419_702_A01,Sncg,1.0,Sncg_6,1.0,7.1930491129557295
PES4_181022_656_A01,Sncg,1.0,Sncg_6,1.0,7.355848757425944
PBS4_181120_502_A01,Vip,1.0,Vip_1,0.3333333333333333,15.465986188252767
PHS4_210825_101_A01,Sncg,1.0,Sncg_6,1.0,10.620741780598959
PHS4_190416_401_A01,Sncg,1.0,Sncg_6,1.0,8.831250381469726
PHS4_190402_402_A01,Sncg,0.9333333333333333,Sncg_6,0.4666666666666667,10.994292704264323
P8S4_190603_351_A01,Sncg,1.0,Sncg_6,1.0,7.203794193267822
PHS4_181212_304_A01,Sncg,0.8666666666666667,Sncg_6,0.8,11.564262517293294
P2S4_190321_055_A01,Sncg,1.0,Sncg_6,1.0,7.755656782786051
PHS4_191015_401_A01,Vip,1.0,Vip_5,0.6,12.711231994628907
PHS4_181211_405_A01,Sncg,1.0,Sncg_4,0.6,10.082603391011556
P1S4_170524_006_A01,Vip,1.0,Vip_23,1.0,10.061432838439941
P3S4_160520_011_A01,Vip,1.0,Vip_23,1.0,11.32914129892985
PAS4_190125_456_A01,Vip,1.0,Vip_23,1.0,9.799091911315918
PES4_190108_656_A01,Vip,1.0,Vip_23,0.6666666666666666,10.502242851257325
PES4_190122_652_A01,Vip,1.0,Vip_4,0.6,14.52496509552002
PES4_190604_660_A01,Vip,1.0,Vip_23,1.0,9.50625368754069
PGS4_200427_803_A01,Vip,1.0,Vip_19,0.4666666666666667,12.566071128845214
PHS4_220203_101_A01,Vip,1.0,Vip_23,0.9333333333333333,10.942274920145671
P8S4_191203_356_A01,Vip,1.0,Vip_21,0.4,19.63601188659668
P8S4_180220_357_A01,Vip,1.0,Vip_1,0.4,17.461405309041343
PHS4_210219_104_A01,Vip,1.0,Vip_4,0.8,12.25177459716797
P2S4_171212_055_A01,Vip,1.0,Vip_23,0.8666666666666667,9.571230411529541
P2S4_190416_053_A01,Vip,1.0,Vip_1,0.5333333333333333,15.848285230000814
P8S4_190305_354_A01,Sncg,1.0,Sncg_5,0.8666666666666667,14.91879488627116
P9S4_180807_422_A01,Sncg,1.0,Sncg_5,0.9333333333333333,8.221426232655842
PES4_190723_652_A01,Vip,1.0,Vip_1,0.7333333333333333,12.677040100097656
PGS4_180919_801_A01,Sncg,1.0,Sncg_5,0.9333333333333333,14.86155662536621
PHS4_211103_104_A01,Sncg,1.0,Sncg_8,0.9333333333333333,7.1123433113098145
P1S4_190311_001_A01,Sncg,1.0,Sncg_1,0.4,9.677808888753255
P8S4_190305_356_A01,Vip,1.0,Vip_12,0.26666666666666666,14.784347025553386
P2S4_190311_051_A01,Lamp5,1.0,Lamp5_2,0.9333333333333333,9.479907989501953
P2S4_190321_053_A01,Lamp5,1.0,Lamp5_2,0.6,9.15677350362142
P7S4_180913_302_A01,Lamp5,1.0,Lamp5_2,1.0,7.584606011708577
P8S4_180109_358_A01,Lamp5,1.0,Lamp5_2,0.9333333333333333,15.564112854003906
P8S4_190709_362_A01,Lamp5,1.0,Lamp5_2,0.8,8.221290270487467
PES4_190305_661_A01,Sncg,1.0,Sncg_1,1.0,11.109367307027181
PHS4_180509_206_A01,Sncg,0.9333333333333333,Sncg_8,0.4666666666666667,11.654920450846355
PHS4_181211_407_A01,Sncg,1.0,Sncg_1,0.8666666666666667,8.760466448465984
P8S4_190305_355_A01,Vip,1.0,Vip_1,0.5333333333333333,13.145619646708171
PHS4_210721_604_A01,Sst Chodl,1.0,Sst Chodl_1,1.0,18.80608762105306
PGS4_200427_801_A01,Pvalb,0.6,Pvalb_8,0.6,16.586533482869466
P1S4_190122_003_A01,Pax6,0.9333333333333333,Pax6_1,0.9333333333333333,11.788572756449382
P1S4_160831_955_A01,Lamp5,1.0,Lamp5_2,1.0,8.134743722279866
P1S4_170614_004_A01,Lamp5,1.0,Lamp5_2,0.8666666666666667,8.853362019856771
P1S4_190125_005_A01,Vip,1.0,Vip_1,0.5333333333333333,14.123018137613933
P8S4_200121_355_A01,Lamp5,1.0,Lamp5_3,0.8666666666666667,10.167175165812175
P9S4_180508_415_A01,Lamp5,1.0,Lamp5_3,0.6,10.588002268473307
PAS4_200204_457_A01,Vip,1.0,Vip_13,0.4,17.83113040924072
PGS4_200227_704_A01,Vip,1.0,Vip_1,0.4666666666666667,12.724024264017741
PHS4_200923_102_A01,Vip,1.0,Vip_1,0.5333333333333333,11.838464609781902
PHS4_210219_101_A01,Lamp5,1.0,Lamp5_2,0.8,10.024439239501953
PHS4_220202_102_A01,Lamp5,1.0,Lamp5_2,0.6,16.561863962809245
PGS4_200702_702_A01,Lamp5,1.0,Lamp5_2,0.7333333333333333,9.969224675496418
PFS4_190827_703_A01,Vip,1.0,Vip_13,0.6,13.537164942423503
PFS4_190827_704_A01,Vip,1.0,Vip_1,0.8,13.668733088175456
P1S4_160831_960_A01,Vip,0.7333333333333333,Vip_5,0.6,10.226920382181804
PGS4_190226_801_A01,Vip,1.0,Vip_1,0.7333333333333333,11.201833025614421
P2S4_171128_051_A01,Sncg,1.0,Sncg_8,0.4666666666666667,12.255066172281902
PHS4_181212_302_A01,Vip,1.0,Vip_21,0.4,13.294696680704753
PGS4_200828_702_A01,Sncg,0.5333333333333333,Sncg_6,0.5333333333333333,11.310043398539225
P8S4_190311_358_A01,Vip,1.0,Vip_4,0.6666666666666666,15.323987325032553
PHS4_181212_306_A01,Vip,1.0,Vip_4,0.8666666666666667,16.21209284464518
PES4_190122_664_A01,Sncg,0.9333333333333333,Sncg_8,0.6,13.168537139892578
PGS4_180810_607_A01,Vip,1.0,Vip_4,0.7333333333333333,14.60657393137614
PHS4_181203_208_A01,Sncg,1.0,Sncg_6,0.8,8.813452053070069
PHS4_190211_403_A01,Sncg,1.0,Sncg_4,0.4666666666666667,10.72587776184082
PHS4_210825_102_A01,Sncg,1.0,Sncg_4,0.8,12.236898549397786
P2S4_190425_053_A01,Sncg,1.0,Sncg_5,0.5333333333333333,11.468981870015462
PGS4_200427_702_A01,Vip,1.0,Vip_11,0.5333333333333333,16.619646644592287
PGS4_190619_208_A01,Vip,1.0,Vip_1,0.4666666666666667,13.668649673461914
PAS4_190305_453_A01,Vip,1.0,Vip_16,0.7333333333333333,13.229334704081218
PAS4_200204_456_A01,Vip,1.0,Vip_16,0.7333333333333333,10.812647501627604
PHS4_210721_606_A01,Pvalb,0.7333333333333333,Pvalb_7,0.6666666666666666,16.549234453837077
P8S4_190122_359_A01,Vip,1.0,Vip_13,0.4666666666666667,18.796028836568198
PHS4_210419_604_A01,Vip,1.0,Vip_23,0.7333333333333333,15.698037910461426
PKS4_210317_228_A01,Lamp5,0.6666666666666666,Lamp5_6,0.4,14.009070905049642
PHS4_211103_605_A01,Vip,1.0,Vip_1,0.6666666666666666,13.322942415873209
P0S4_160719_425_A01,Lamp5,0.5333333333333333,Lamp5_6,0.5333333333333333,8.935759925842286
PGS4_200702_801_A01,Vip,1.0,Vip_13,0.4666666666666667,17.383755493164063
PHS4_191101_105_A01,Vip,1.0,Vip_19,0.8,14.914705657958985
P2S4_190122_051_A01,Pax6,0.8,Pax6_1,0.7333333333333333,12.93043556213379
P2S4_190514_053_A01,Pax6,1.0,Pax6_3,0.3333333333333333,15.325343577067057
P8S4_190514_360_A01,Lamp5,0.5333333333333333,Lamp5_6,0.4666666666666667,12.552420488993327
P9S4_180807_423_A01,Vip,1.0,Vip_1,0.4,14.40112164815267
PAS4_191010_455_A01,Sncg,0.9333333333333333,Sncg_6,0.9333333333333333,10.255066680908204
PES4_190305_659_A01,Vip,1.0,Vip_1,0.5333333333333333,14.693871434529623
PES4_200204_661_A01,Sncg,0.7333333333333333,Sncg_6,0.7333333333333333,9.319131024678548
PGS4_191129_804_A01,Vip,1.0,Vip_1,0.4666666666666667,11.038370005289714
PGS4_200211_708_A01,Vip,1.0,Vip_19,0.4,13.579279263814291
PGS4_200303_703_A01,Vip,1.0,Vip_1,0.6666666666666666,12.328262774149577
PGS4_200305_802_A01,Vip,1.0,Vip_1,0.6666666666666666,17.404788462320962
PGS4_200703_702_A01,Pax6,0.6,Pax6_1,0.3333333333333333,17.97030715942383
PGS4_210219_706_A01,Vip,1.0,Vip_1,0.6,15.248203468322753
PGS4_210505_702_A01,Lamp5,0.9333333333333333,Lamp5_5,0.6,12.189255714416504
PGS4_210519_704_A01,Pax6,0.9333333333333333,Pax6_2,0.4666666666666667,11.9009246190389
PGS4_210609_702_A01,Vip,1.0,Vip_21,0.4666666666666667,14.864038213094075
PHS4_200819_103_A01,Vip,0.8666666666666667,Vip_4,0.6666666666666666,13.458129437764486
PHS4_200930_102_A01,Sncg,0.6666666666666666,Sncg_1,0.6666666666666666,15.072517649332683
PHS4_220203_603_A01,Sncg,0.9333333333333333,Sncg_8,0.4,20.013454310099284
PAS4_210625_452_A01,Pvalb,1.0,Pvalb_15,0.8666666666666667,14.439276885986327
PES4_190603_655_A01,Vip,1.0,Vip_1,0.6666666666666666,13.187132581075032
PGS4_190215_701_A01,Sst,0.9333333333333333,Sst_13,0.4666666666666667,14.46392027537028
PGS4_200702_802_A01,Vip,1.0,Vip_11,0.6,16.70426171620687
PGS4_200828_708_A01,Sncg,1.0,Sncg_8,0.6666666666666666,17.322311147054037
PGS4_201014_704_A01,Vip,1.0,Vip_1,0.8666666666666667,12.414174715677897
PGS4_210512_701_A01,Vip,1.0,Vip_19,0.4,12.000050163269043
PHS4_200819_102_A01,Vip,0.8666666666666667,Vip_15,0.8,13.483861223856609
PGS4_211202_701_A01,Sst,0.8,Sst_19,0.3333333333333333,13.200709342956543
P0S4_160809_641_A01,Vip,0.9333333333333333,Vip_1,0.3333333333333333,16.510191027323405
P1S4_161130_001_A01,Lamp5,0.9333333333333333,Lamp5_2,0.6,13.097092755635579
PHS4_211206_601_A01,Sst Chodl,1.0,Sst Chodl_1,1.0,35.69693196614583
PNS4_220222_856_A01,Pvalb,0.6,Pvalb_9,0.26666666666666666,16.080516052246093
