nwb_id,path,size_mb,identifier
636982248,sub-636948822/sub-636948822_ses-636982248_icephys.nwb,20.3,67b1ecee-f53c-4242-b38e-cf09a2d64dfa
636991746,sub-636948822/sub-636948822_ses-636991746_icephys.nwb,20.1,63dbac92-b74d-4b73-a665-9d8b7e29eaf1
642857917,sub-642843699/sub-642843699_ses-642857917_icephys.nwb,18.8,e8e01df2-8549-4d0b-9772-3bb2c833b4ec
642966460,sub-642843699/sub-642843699_ses-642966460_icephys.nwb,14.9,5f5ec43e-b3de-4b34-9e9d-cd1b829720c5
643397107,sub-643277950/sub-643277950_ses-643397107_icephys.nwb,13.5,4d10a23d-4dba-4ba0-9511-c93ea6e4800d
643583112,sub-643488707/sub-643488707_ses-643583112_icephys.nwb,13.2,7507c554-12ab-4a97-a51e-06f8e995c6ad
643599465,sub-643488707/sub-643488707_ses-643599465_icephys.nwb,13.4,bd4058aa-2ae5-4498-bd3f-c38d63547a49
645081045,sub-645077860/sub-645077860_ses-645081045_icephys.nwb,15.1,9893cd17-ea8b-4a42-b1e3-0892b517349d
650074243,sub-648220984/sub-648220984_ses-650074243_icephys.nwb,54.5,ec4564e7-de02-4f53-a34c-7c7af69abe64
650074894,sub-648220984/sub-648220984_ses-650074894_icephys.nwb,41.8,24813fa4-c14c-4a4b-8c3f-ccc59af75ef4
650076307,sub-648220984/sub-648220984_ses-650076307_icephys.nwb,63.2,8103596c-a7ae-4c6c-8c62-69b4310d26ef
650077353,sub-648220984/sub-648220984_ses-650077353_icephys.nwb,56.4,7a685f3b-58f7-4497-88a4-32ab1c878fd7
652068601,sub-651940947/sub-651940947_ses-652068601_icephys.nwb,54.2,e351d377-49b7-4c44-8be2-daa63cc3a6dc
652069484,sub-651940947/sub-651940947_ses-652069484_icephys.nwb,56.3,f11dfa9f-5161-4a8c-939a-d4472bbeee8b
652079886,sub-651940947/sub-651940947_ses-652079886_icephys.nwb,56.5,d1687472-fc32-490f-9cf5-c621249dfd26
652080515,sub-651940947/sub-651940947_ses-652080515_icephys.nwb,55.2,9e18abaf-890a-4742-b8fe-a1d8cb38b1b7
652080787,sub-651940947/sub-651940947_ses-652080787_icephys.nwb,27.7,b2e6aa70-4761-4879-91d6-debd2f306629
653041039,sub-653027578/sub-653027578_ses-653041039_icephys.nwb,56.2,5e62bbfd-e341-4ed4-891a-3ef1b36c4c41
653043901,sub-653027578/sub-653027578_ses-653043901_icephys.nwb,54.2,a66ebf52-c598-48b6-888d-1c7b140ee0c4
653810366,sub-653718968/sub-653718968_ses-653810366_icephys.nwb,53.6,5c4fe065-d465-47ea-9df5-6278929fbf0d
653857502,sub-653718968/sub-653718968_ses-653857502_icephys.nwb,43.2,30f2ff15-e89f-4e12-9903-2cb995a88249
654115429,sub-653718968/sub-653718968_ses-654115429_icephys.nwb,55.4,0c1a07bf-9721-4f68-a069-d8048f0b6a0b
656933822,sub-656856430/sub-656856430_ses-656933822_icephys.nwb,57.0,fba2209b-c46d-4502-9dbf-bcca93a8653d
665718232,sub-665691251/sub-665691251_ses-665718232_icephys.nwb,13.4,1adfd03a-d2aa-4ffb-86b8-fb753e7a5e06
666067870,sub-665691251/sub-665691251_ses-666067870_icephys.nwb,14.7,7de3fdc1-4b89-490c-a10f-89d5d04d56f6
666108636,sub-665691251/sub-665691251_ses-666108636_icephys.nwb,54.6,4cfc08e3-642a-4f67-8f82-8ca67e872ba9
672646198,sub-672637567/sub-672637567_ses-672646198_icephys.nwb,58.5,4d55f087-d989-442a-9220-5c5299c36959
672647796,sub-672637567/sub-672637567_ses-672647796_icephys.nwb,58.8,e59ffc67-556c-4dac-aabf-a61b492edc41
672655499,sub-672637567/sub-672637567_ses-672655499_icephys.nwb,56.6,ca63b963-6aa8-4734-950e-7d89e5174dc1
674643120,sub-674562997/sub-674562997_ses-674643120_icephys.nwb,57.3,c0b42292-d55b-4a8c-8d40-973b717eeba9
674649969,sub-674562997/sub-674562997_ses-674649969_icephys.nwb,59.8,92386e4d-0fbc-4bda-8560-9e4ae934f56a
674650714,sub-674562997/sub-674562997_ses-674650714_icephys.nwb,55.2,9c1bd90a-b95f-426f-93ad-c29c2d3e78fd
676476866,sub-676285262/sub-676285262_ses-676476866_icephys.nwb,29.4,6ff39e69-ba76-4005-818f-87a67602d2ad
677017437,sub-676839274/sub-676839274_ses-677017437_icephys.nwb,56.1,7313e21e-b6c8-4076-a94d-be904b6ebf98
677036151,sub-676839274/sub-676839274_ses-677036151_icephys.nwb,19.1,15266d76-95e0-489e-bbb1-6d82d26ce01e
685766667,sub-685740095/sub-685740095_ses-685766667_icephys.nwb,21.6,d1d39a94-caa2-4d85-b11c-d42c6ef53495
685777894,sub-685740095/sub-685740095_ses-685777894_icephys.nwb,56.6,54752ab2-bf29-4671-98fe-dd8781171b52
685780148,sub-685740095/sub-685740095_ses-685780148_icephys.nwb,55.6,288620a6-2911-4638-a677-3ef0d7085b32
685790739,sub-685740095/sub-685740095_ses-685790739_icephys.nwb,54.6,203442a5-3442-4604-b90f-f9561935c983
685806959,sub-685740095/sub-685740095_ses-685806959_icephys.nwb,18.1,4ff5846a-8c10-4800-998c-b7d98195e5e0
685820986,sub-685740095/sub-685740095_ses-685820986_icephys.nwb,54.7,91a679c8-d374-434a-9781-4241ddce6e3f
689304911,sub-689168779/sub-689168779_ses-689304911_icephys.nwb,56.0,4256f937-9839-41c8-826b-7c834a1cbfd5
689306767,sub-689168779/sub-689168779_ses-689306767_icephys.nwb,45.8,29955d45-6e70-4452-b5de-9f116b970fa1
689319138,sub-689168779/sub-689168779_ses-689319138_icephys.nwb,49.5,f5f648f8-eb10-4dc8-97f9-de8fa94202f3
689331378,sub-689168779/sub-689168779_ses-689331378_icephys.nwb,48.7,2a2a4674-4e78-4afa-b092-950cabcbd920
695505871,sub-695464588/sub-695464588_ses-695505871_icephys.nwb,45.8,d6f7097c-2c3b-46c0-91da-c0d8c636fc00
695574251,sub-695464588/sub-695464588_ses-695574251_icephys.nwb,46.8,23ac9d24-2ca4-4fcc-a44f-b95431486cfe
695574450,sub-695464588/sub-695464588_ses-695574450_icephys.nwb,45.2,ff6c48b5-55a8-4c0d-8bf4-5877f175a9b7
695576011,sub-695464588/sub-695464588_ses-695576011_icephys.nwb,47.9,cdf6aa3a-5922-468d-87bc-a78494f9748e
695576826,sub-695464588/sub-695464588_ses-695576826_icephys.nwb,47.6,7150755e-eead-4066-af6e-a30c58377cf7
696101784,sub-695464588/sub-695464588_ses-696101784_icephys.nwb,18.6,a35b7be4-2e6f-46ec-bb6a-d06fefac2f1a
696102803,sub-695464588/sub-695464588_ses-696102803_icephys.nwb,45.2,bfbe3d12-720f-4a3c-952a-0d0e49975ea8
696108448,sub-695464588/sub-695464588_ses-696108448_icephys.nwb,47.0,6b3843bf-0b9c-4c19-95c8-eb36eae1110e
699822042,sub-699761589/sub-699761589_ses-699822042_icephys.nwb,45.5,e89e7523-c3b0-46f3-9622-58dfab540f36
700801427,sub-700619648/sub-700619648_ses-700801427_icephys.nwb,47.7,ac34714c-876f-4c9a-9e5f-fc85c4e86020
700809823,sub-700619648/sub-700619648_ses-700809823_icephys.nwb,46.5,0b02fee5-b2b3-4aa2-ad7c-06f9b33689f1
700810019,sub-700619648/sub-700619648_ses-700810019_icephys.nwb,46.4,63578800-9679-4b7f-a862-17295e3dca01
700822010,sub-700619648/sub-700619648_ses-700822010_icephys.nwb,45.6,4f8dd27a-a64f-491d-bef8-dcd3fd66362e
700858340,sub-700619648/sub-700619648_ses-700858340_icephys.nwb,46.4,c3ca6b8b-db16-4a04-9079-794f20044386
700917273,sub-700619648/sub-700619648_ses-700917273_icephys.nwb,46.7,66e38bd8-a743-494d-9933-494e62e882a8
700937096,sub-700619648/sub-700619648_ses-700937096_icephys.nwb,46.6,038a0082-8d76-4ae2-8500-69b54d5ab165
701072050,sub-700619648/sub-700619648_ses-701072050_icephys.nwb,15.6,e1abefd7-c3f5-40a1-938b-521faf535491
707795272,sub-707724503/sub-707724503_ses-707795272_icephys.nwb,16.1,d6fd4eb5-c71c-4ab4-8446-2e1a82ffd1a8
707801925,sub-707724503/sub-707724503_ses-707801925_icephys.nwb,49.3,c1de559a-61c2-4517-b78c-9d7217c3f72c
707837682,sub-707724503/sub-707724503_ses-707837682_icephys.nwb,46.6,35bc7cca-b5e8-4f53-b225-5dbb3d9cbce9
712866792,sub-712700908/sub-712700908_ses-712866792_icephys.nwb,17.0,021fec32-4a8a-499b-b958-a72166f9bd26
712906079,sub-712700908/sub-712700908_ses-712906079_icephys.nwb,15.4,55596bb9-ad2f-449e-8440-24e20bf9c6c8
712915603,sub-712700908/sub-712700908_ses-712915603_icephys.nwb,16.2,8696bd40-ee13-4ba4-915b-e91e4a1330f1
717044861,sub-716866594/sub-716866594_ses-717044861_icephys.nwb,13.9,8459e9a6-48f7-4c04-ab99-0d08dfed13d4
720835554,sub-720619787/sub-720619787_ses-720835554_icephys.nwb,47.5,ab4b5b88-cc46-47ce-b83e-fbf3d4462dc9
720840334,sub-720619787/sub-720619787_ses-720840334_icephys.nwb,12.8,c33d2f2b-0e10-4aac-8f61-40bfb3f1dc10
720840441,sub-720619787/sub-720619787_ses-720840441_icephys.nwb,46.2,c3c53dcb-4149-4467-8271-01bc919dbeb4
720841777,sub-720619787/sub-720619787_ses-720841777_icephys.nwb,48.3,5955ff49-247d-44ef-8864-1328f16c89ad
720868659,sub-720619787/sub-720619787_ses-720868659_icephys.nwb,16.6,1b161316-0ba7-45f5-95ae-713616654388
720870938,sub-720619787/sub-720619787_ses-720870938_icephys.nwb,47.6,f7d65171-64d9-40b7-a702-04627787e9fc
720880989,sub-720619787/sub-720619787_ses-720880989_icephys.nwb,46.3,483a52ed-e405-4cf4-830a-279c4bf268fd
720885747,sub-720619787/sub-720619787_ses-720885747_icephys.nwb,20.3,0547e6d5-fe30-433a-951d-8adb4a2647e6
720886417,sub-720619787/sub-720619787_ses-720886417_icephys.nwb,46.1,1b8916b7-c395-4b76-92f7-84ccde4f4177
721231135,sub-720619787/sub-720619787_ses-721231135_icephys.nwb,12.3,3a076914-216a-4339-8bf4-7579f772aa25
721284681,sub-720619787/sub-720619787_ses-721284681_icephys.nwb,12.7,c40d0858-94b7-454d-80bc-9d7836c6c294
721625535,sub-720619787/sub-720619787_ses-721625535_icephys.nwb,48.0,5299077f-5aec-4fbc-ae0f-16284b05b0ef
727398050,sub-727391446/sub-727391446_ses-727398050_icephys.nwb,46.1,9a9f0de0-0f33-4a18-b65c-9b9b1232b15a
732048836,sub-731978186/sub-731978186_ses-732048836_icephys.nwb,43.8,b80e2808-1ed5-4eb8-b73b-987114331f16
732058767,sub-731978186/sub-731978186_ses-732058767_icephys.nwb,14.2,d631d2d6-ba7b-4efb-905b-f4688b12291e
732096400,sub-731978186/sub-731978186_ses-732096400_icephys.nwb,15.9,4b0484c6-e9fa-4ee8-b2eb-75d6ef4882d7
732105053,sub-731978186/sub-731978186_ses-732105053_icephys.nwb,48.1,ac39500f-3618-46c0-98f9-42c0d9b472e4
732115383,sub-731978186/sub-731978186_ses-732115383_icephys.nwb,46.6,a27f5f75-785f-4bf6-a2aa-08939e22657f
732127099,sub-731978186/sub-731978186_ses-732127099_icephys.nwb,47.4,003921e5-5640-49fc-8ec8-7def742d50c1
732141029,sub-731978186/sub-731978186_ses-732141029_icephys.nwb,16.4,8e529244-cc4e-4ba4-9299-357c9fddceb1
732151663,sub-731978186/sub-731978186_ses-732151663_icephys.nwb,46.6,e93385b4-9ad6-4d6e-8bef-de3a8084d0de
732151698,sub-731978186/sub-731978186_ses-732151698_icephys.nwb,14.6,4b7b1fca-8d7f-4396-8401-d5bcae1a625a
732162916,sub-731978186/sub-731978186_ses-732162916_icephys.nwb,47.8,1da01519-dcb6-49ff-b462-20735b889704
732171893,sub-731978186/sub-731978186_ses-732171893_icephys.nwb,46.7,e2cecdbe-7860-4f17-ba51-32870a007ba8
732592126,sub-731978186/sub-731978186_ses-732592126_icephys.nwb,45.4,bd2568ee-d8b4-4249-8dec-2ad3ddf78d50
732796111,sub-731978186/sub-731978186_ses-732796111_icephys.nwb,48.0,445acf67-58e3-4e46-a225-62ef6cc71de7
732796148,sub-731978186/sub-731978186_ses-732796148_icephys.nwb,46.7,8a01bf13-58e8-47cd-8974-3c1d5dec310d
734995561,sub-731978186/sub-731978186_ses-734995561_icephys.nwb,25.8,f803f9e2-0d2f-4223-9ccd-1e49c6182f5d
737082393,sub-736890023/sub-736890023_ses-737082393_icephys.nwb,28.6,68b0786d-c14f-483c-a6e5-b3ec67d56500
737158770,sub-736890023/sub-736890023_ses-737158770_icephys.nwb,21.5,899adafe-7fa8-41dd-98c2-3571e7e1c9c9
737548009,sub-737373545/sub-737373545_ses-737548009_icephys.nwb,18.2,5aa09955-f5c7-4ae9-930c-638e10cc0c80
737549006,sub-737373545/sub-737373545_ses-737549006_icephys.nwb,18.7,40c1aed3-d1b7-4546-891c-4023f47f1291
737549646,sub-737373545/sub-737373545_ses-737549646_icephys.nwb,18.7,d546a332-6730-49e7-8ff6-8f85004bbf7b
737549815,sub-737373545/sub-737373545_ses-737549815_icephys.nwb,19.8,e58bb6ee-7cea-4f55-9a62-28ba03ab37f4
737553491,sub-737373545/sub-737373545_ses-737553491_icephys.nwb,24.9,7dff0d14-9031-4c0f-943b-53a205216179
737791768,sub-737373545/sub-737373545_ses-737791768_icephys.nwb,19.2,3b3f0a33-9c10-4974-bd43-3485f186a845
737840111,sub-737373545/sub-737373545_ses-737840111_icephys.nwb,22.1,f1b34198-a6b2-414b-8aa5-ba419e529658
737933847,sub-737373545/sub-737373545_ses-737933847_icephys.nwb,24.8,090ddbe6-a006-45cf-a384-6aaaf921c8aa
738006440,sub-737373545/sub-737373545_ses-738006440_icephys.nwb,27.7,cea8fe1c-6b4c-42f9-9301-887799c3386d
740649886,sub-736890023/sub-736890023_ses-740649886_icephys.nwb,20.9,2bdad53b-bd4e-4480-a790-de4358d13770
751208631,sub-750786644/sub-750786644_ses-751208631_icephys.nwb,19.2,59f858a6-d875-4432-9b6c-7b2b702db54c
758285987,sub-758233315/sub-758233315_ses-758285987_icephys.nwb,32.7,5d39206e-092f-40d5-83e7-ffe187ec4a8d
758287092,sub-758233315/sub-758233315_ses-758287092_icephys.nwb,21.5,9ba70e34-e419-4a13-a42b-512a7c14c775
758308076,sub-758233315/sub-758233315_ses-758308076_icephys.nwb,35.7,a957d534-3d1e-4cbc-bcc3-3f53d26a56af
758308113,sub-758233315/sub-758233315_ses-758308113_icephys.nwb,35.5,81d7f7b6-695f-496a-b7f8-d4681b4c89da
758315706,sub-758233315/sub-758233315_ses-758315706_icephys.nwb,19.5,b1ee8781-f199-4cab-a971-c0d0eb6d87a0
758653998,sub-758233315/sub-758233315_ses-758653998_icephys.nwb,32.0,3f4046b5-344f-4876-a607-5d1e344a423b
758889296,sub-758233315/sub-758233315_ses-758889296_icephys.nwb,26.5,94692206-714e-47c2-aab2-755bfdb0fae6
758923864,sub-758233315/sub-758233315_ses-758923864_icephys.nwb,20.6,5f7b1dbe-e4f0-48a3-96d7-81dd9ef18f21
758978200,sub-758233315/sub-758233315_ses-758978200_icephys.nwb,20.9,30112380-df9d-4fae-ba8d-fc55ff1308da
758996702,sub-758233315/sub-758233315_ses-758996702_icephys.nwb,35.6,5383dd70-ebee-4158-a1b8-5fb00d250474
759263587,sub-750786644/sub-750786644_ses-759263587_icephys.nwb,27.4,1a6bddc5-612b-4422-a917-1f67de715a50
760004921,sub-759979832/sub-759979832_ses-760004921_icephys.nwb,21.2,44a95886-ec0d-424c-ad29-920ee272d399
760008240,sub-759979832/sub-759979832_ses-760008240_icephys.nwb,25.4,c1331f05-3892-494f-ac38-91480dc29a96
760011285,sub-759979832/sub-759979832_ses-760011285_icephys.nwb,25.1,18ab2c02-a4ec-4911-80a8-def500a57e47
760016169,sub-759979832/sub-759979832_ses-760016169_icephys.nwb,20.0,2ccb3bdc-30d0-4a1a-87f0-22fbf46b3a37
760398865,sub-760110174/sub-760110174_ses-760398865_icephys.nwb,31.5,97485532-81fa-482c-ba56-9076d70ac6b0
760475053,sub-760110174/sub-760110174_ses-760475053_icephys.nwb,75.9,a32ff891-2931-4c8d-9d9b-69ece5b9f10d
760672642,sub-758233315/sub-758233315_ses-760672642_icephys.nwb,19.2,c45ef65e-4383-4d88-98f9-0a5ed96a7de3
760676996,sub-758233315/sub-758233315_ses-760676996_icephys.nwb,19.3,d73ccabb-1bb8-4cfc-ad04-e5f676291bbc
760937374,sub-758233315/sub-758233315_ses-760937374_icephys.nwb,29.2,8db86047-7887-4e0c-bc25-80817361422d
760944910,sub-758233315/sub-758233315_ses-760944910_icephys.nwb,21.0,ebc61e98-7531-422e-bd07-42593ffc64b2
766787512,sub-766758349/sub-766758349_ses-766787512_icephys.nwb,38.5,82d5e1fc-2ed4-448f-a6b5-0af45cad9dba
766789198,sub-766758349/sub-766758349_ses-766789198_icephys.nwb,18.7,28a31e69-c036-4e16-8176-819c942f5b22
766790506,sub-766758349/sub-766758349_ses-766790506_icephys.nwb,20.2,cc4a84a2-0529-45b4-9c43-a16c2ae19e01
766791630,sub-766758349/sub-766758349_ses-766791630_icephys.nwb,18.7,b52cf1ed-f131-439f-8ea7-7fe3becae5a0
766983957,sub-766758349/sub-766758349_ses-766983957_icephys.nwb,30.7,5d30e8f5-0cd6-449e-990b-d437de1823c3
767084283,sub-766758349/sub-766758349_ses-767084283_icephys.nwb,22.5,d7463b1e-3021-4023-ab13-d2193473c172
767428117,sub-767377358/sub-767377358_ses-767428117_icephys.nwb,20.2,f7714b48-59af-44e2-a38a-f5fbefd8ff34
767800905,sub-767377358/sub-767377358_ses-767800905_icephys.nwb,18.6,962adcd1-0b4d-4416-b775-f82437f0f2fe
768876927,sub-768678784/sub-768678784_ses-768876927_icephys.nwb,25.3,0c79453d-63d5-4d9b-95bd-a25314382353
768896509,sub-768678784/sub-768678784_ses-768896509_icephys.nwb,57.5,6077bb3b-fa4a-46b8-b3ba-06f4d9887d0b
770249578,sub-770227957/sub-770227957_ses-770249578_icephys.nwb,80.0,d99ac351-0e04-4204-975b-69bae4eb57a6
770249912,sub-770227957/sub-770227957_ses-770249912_icephys.nwb,39.8,ee63b50d-bf3e-4d9a-b063-2d2f6ad7f033
770275397,sub-770227957/sub-770227957_ses-770275397_icephys.nwb,72.3,ec8c71b4-afbd-44c1-9a76-6c973d591c01
770329854,sub-770227957/sub-770227957_ses-770329854_icephys.nwb,66.4,13c02929-e881-4f5a-bd42-f10fc60f6d4d
770432738,sub-770227957/sub-770227957_ses-770432738_icephys.nwb,18.6,6379cf34-7f54-4356-8514-39ada2819f3e
770432788,sub-770227957/sub-770227957_ses-770432788_icephys.nwb,37.2,d248410f-590b-4b22-b12e-90889d290f43
770559733,sub-770227957/sub-770227957_ses-770559733_icephys.nwb,24.2,62da5a37-667f-462c-9b53-ad88e7f90516
770622741,sub-770227957/sub-770227957_ses-770622741_icephys.nwb,20.7,2b047338-711f-4483-8be7-9fcf3b979c44
774394206,sub-774230643/sub-774230643_ses-774394206_icephys.nwb,26.8,7fbb14f3-8480-4382-bf1b-27a7bf1089d9
783625394,sub-783453365/sub-783453365_ses-783625394_icephys.nwb,81.2,7aaabd9d-9dac-4135-9d27-559ff0cebcfc
783677214,sub-783453365/sub-783453365_ses-783677214_icephys.nwb,21.5,39589737-4285-4363-b237-bda2a170157c
783683300,sub-783453365/sub-783453365_ses-783683300_icephys.nwb,19.7,87d68b8f-7245-4cbb-9a36-487caecdf4c9
785369493,sub-783453365/sub-783453365_ses-785369493_icephys.nwb,24.8,b17943d9-4881-41b2-b926-a4524af9aa3a
786434144,sub-786359945/sub-786359945_ses-786434144_icephys.nwb,23.8,e363d65d-c40d-422a-aa50-7dbb5a0c807e
786447500,sub-786359945/sub-786359945_ses-786447500_icephys.nwb,76.0,58c27102-8421-4dc1-a8af-532e0184e6d6
786474369,sub-786359945/sub-786359945_ses-786474369_icephys.nwb,76.4,f9371243-bd54-4eee-8e1b-7f03b38fe88c
793394883,sub-793165711/sub-793165711_ses-793394883_icephys.nwb,91.5,3433a215-c1d6-4c43-9263-08e804d280b0
793406131,sub-793165711/sub-793165711_ses-793406131_icephys.nwb,29.1,e1f17bb5-f699-48d2-a018-eea8df8f3bf8
793428505,sub-793165711/sub-793165711_ses-793428505_icephys.nwb,56.1,4ccf7577-df16-443c-80b1-a7ed2e471c88
793439465,sub-793165711/sub-793165711_ses-793439465_icephys.nwb,93.2,50457529-909c-42bb-91e7-3ffdaad2e2b1
793461054,sub-793165711/sub-793165711_ses-793461054_icephys.nwb,25.0,4b7c4ef2-0c19-40d5-a93a-8bc3faf7ff28
793601795,sub-793165711/sub-793165711_ses-793601795_icephys.nwb,28.1,f1168e34-868b-4b62-9193-9efbfe5341fb
793604699,sub-793165711/sub-793165711_ses-793604699_icephys.nwb,88.3,b9d5bd4d-7bc4-4aa0-a8a9-217a0f102f8d
793650421,sub-793165711/sub-793165711_ses-793650421_icephys.nwb,60.5,90368593-c679-4b19-8c3a-7cd4fbc4f07a
793689834,sub-793165711/sub-793165711_ses-793689834_icephys.nwb,89.5,2edfaf51-7d8e-4ece-bf0d-509567731e9b
794171529,sub-793165711/sub-793165711_ses-794171529_icephys.nwb,61.1,d4102981-9f56-45f1-8ec2-4e4da8fd1b96
794207904,sub-793165711/sub-793165711_ses-794207904_icephys.nwb,40.0,ea7f860f-c048-4831-b3fa-4d7bbd3400f9
794266248,sub-793165711/sub-793165711_ses-794266248_icephys.nwb,26.9,936b5b78-3298-47e7-8a0a-df144dab76d9
794295941,sub-793165711/sub-793165711_ses-794295941_icephys.nwb,22.1,ee4c9a64-ad56-4231-973c-9b76d8c4171e
794333838,sub-793165711/sub-793165711_ses-794333838_icephys.nwb,19.1,18488991-6d6e-484d-ad91-5b6a7a559402
794336361,sub-793165711/sub-793165711_ses-794336361_icephys.nwb,20.8,28c34d3c-14c8-4246-8f2a-5eb4b651afd8
797953286,sub-797676582/sub-797676582_ses-797953286_icephys.nwb,44.9,b89c7d0e-e7b9-4cad-bb28-09430b3e222a
798008836,sub-797676582/sub-797676582_ses-798008836_icephys.nwb,29.2,b04be122-c413-4277-8741-fef016b4b249
798048902,sub-797676582/sub-797676582_ses-798048902_icephys.nwb,54.0,58e72e08-bb01-4d76-b66a-896c04606353
798146020,sub-797676582/sub-797676582_ses-798146020_icephys.nwb,42.9,8fa7168e-1afa-40ac-a499-5e6f0734507d
798199041,sub-797676582/sub-797676582_ses-798199041_icephys.nwb,61.0,90e03f22-f5a1-4ba2-9148-2c71ad85a09b
798209948,sub-797676582/sub-797676582_ses-798209948_icephys.nwb,19.0,55b5166e-edad-47d4-a519-46d62415c2a2
798297332,sub-797676582/sub-797676582_ses-798297332_icephys.nwb,61.4,a1301f74-099c-454d-a350-62bac23de4a2
798321505,sub-797676582/sub-797676582_ses-798321505_icephys.nwb,59.2,2d4bc115-8371-423a-966f-8465caf750c3
798332188,sub-797676582/sub-797676582_ses-798332188_icephys.nwb,59.3,d20d419d-d291-400e-ae91-239bdc99c2c0
798337169,sub-797676582/sub-797676582_ses-798337169_icephys.nwb,26.9,127ee8d6-49ae-4e02-8bdd-22ba2d3ce9e1
798349842,sub-797676582/sub-797676582_ses-798349842_icephys.nwb,59.4,e10f4b0a-ebdb-4df3-a3e5-f2d4ac74121c
798866690,sub-797676582/sub-797676582_ses-798866690_icephys.nwb,59.2,df3189d3-892f-4d71-a028-5d39ad3bdcc5
799031059,sub-793165711/sub-793165711_ses-799031059_icephys.nwb,21.2,98b1f046-4ab4-4e6a-b60e-6e49076c1933
799057801,sub-793165711/sub-793165711_ses-799057801_icephys.nwb,20.0,950d3f7b-dbc4-4fb4-a0c4-5adff9ca5af3
805734675,sub-805678822/sub-805678822_ses-805734675_icephys.nwb,59.7,de0b49c3-cfeb-4407-9c52-293a64241f3d
805772853,sub-805678822/sub-805678822_ses-805772853_icephys.nwb,77.3,9ea08c74-e53d-40d4-a455-4de55fce77dd
811984526,sub-811677083/sub-811677083_ses-811984526_icephys.nwb,28.4,c3611166-fdfd-4742-aab9-28779cc04d56
812559845,sub-811677083/sub-811677083_ses-812559845_icephys.nwb,28.4,3e5df8c0-9ed2-435e-aa8f-8e0e86474238
819074421,sub-813352040/sub-813352040_ses-819074421_icephys.nwb,19.1,2a4a987f-8eb5-41a1-a76b-ed228c6f1b06
819106777,sub-813352040/sub-813352040_ses-819106777_icephys.nwb,19.6,4856c07b-91f8-401c-8d6e-ec15f3ed5867
819116462,sub-813352040/sub-813352040_ses-819116462_icephys.nwb,23.6,9db82c80-d32f-4f45-bf66-a142b16493fd
819133336,sub-813352040/sub-813352040_ses-819133336_icephys.nwb,33.6,300528d3-2062-46fc-9107-8a6a1456f2c7
819133336,sub-813352040/sub-813352040_ses-819133336_icephys.nwb,33.6,300528d3-2062-46fc-9107-8a6a1456f2c7
819165835,sub-813352040/sub-813352040_ses-819165835_icephys.nwb,20.3,4b71b36a-67ff-4f3d-9183-a307ac2de82f
819177656,sub-813352040/sub-813352040_ses-819177656_icephys.nwb,20.4,637c1da7-f63c-491d-9bbd-9fdf9b23d9b9
819185113,sub-813352040/sub-813352040_ses-819185113_icephys.nwb,21.7,968ba0c4-9dc7-437e-94b9-3cb819a9aba8
819191225,sub-813352040/sub-813352040_ses-819191225_icephys.nwb,29.2,fabf5b20-5062-4275-bafb-48918a20b54c
819194539,sub-813352040/sub-813352040_ses-819194539_icephys.nwb,59.1,66ecb725-1ca6-456c-b881-f7ced848b88d
819197395,sub-813352040/sub-813352040_ses-819197395_icephys.nwb,20.3,e85c4a81-e207-4256-acb7-296f512a5165
819200423,sub-813352040/sub-813352040_ses-819200423_icephys.nwb,24.6,1e6facc2-79eb-4b11-b88c-1cae441d713a
819206225,sub-813352040/sub-813352040_ses-819206225_icephys.nwb,60.6,62e705dd-afc8-4aaa-8ac1-c84b1901a3ed
819209049,sub-813352040/sub-813352040_ses-819209049_icephys.nwb,20.1,4fa9bdfd-72bd-4cbe-a456-dd61344d22c9
819211268,sub-813352040/sub-813352040_ses-819211268_icephys.nwb,55.2,b98651e0-30ba-4011-a662-ee2e26e8e334
819213646,sub-813352040/sub-813352040_ses-819213646_icephys.nwb,23.0,554a33fb-f5ca-43c7-813a-30c7b9c6abb2
819218991,sub-813352040/sub-813352040_ses-819218991_icephys.nwb,29.1,e15e7b42-0683-49c2-8fa4-e178b7870103
819221250,sub-813352040/sub-813352040_ses-819221250_icephys.nwb,60.4,9314820e-2b1b-42d0-9ffc-c3b9c5202924
819223620,sub-813352040/sub-813352040_ses-819223620_icephys.nwb,60.2,289b938c-475c-4fb1-8ee3-327141742b5b
819226251,sub-813352040/sub-813352040_ses-819226251_icephys.nwb,44.0,aff47619-b9c9-437c-8fb8-7efa44caf0a6
819228933,sub-813352040/sub-813352040_ses-819228933_icephys.nwb,55.3,a217c9b3-7b67-46f3-8310-9f8d0f33b7a8
819770635,sub-819522395/sub-819522395_ses-819770635_icephys.nwb,19.6,cf2eef0c-efd5-4915-8121-8a3867423b0f
819891491,sub-819522395/sub-819522395_ses-819891491_icephys.nwb,29.4,2cafb397-d40a-45d0-a4e4-b7bdf4947224
819983003,sub-819522395/sub-819522395_ses-819983003_icephys.nwb,23.9,3486d2b4-bd87-4f14-83d6-c0bc9c28cf21
820022494,sub-819522395/sub-819522395_ses-820022494_icephys.nwb,38.0,6f605983-0d82-4f18-b4ca-f2be2928ee50
820061071,sub-819522395/sub-819522395_ses-820061071_icephys.nwb,24.1,1fa3863e-3f68-4809-97b9-2cbb74b22f96
832504720,sub-832340431/sub-832340431_ses-832504720_icephys.nwb,66.3,ef313e61-9477-4e25-8e90-282e64107e38
832691191,sub-832340431/sub-832340431_ses-832691191_icephys.nwb,45.3,71880af9-3010-4379-a862-59b315a7ad37
833784647,sub-832340431/sub-832340431_ses-833784647_icephys.nwb,24.8,67a160c7-32da-4eb4-9235-6ab479efc0fd
835673539,sub-835477230/sub-835477230_ses-835673539_icephys.nwb,32.2,52326c10-851b-45c9-8f9c-ddf2105e156f
835674199,sub-835477230/sub-835477230_ses-835674199_icephys.nwb,57.4,bb9685b4-fac1-4995-be39-803b6c4c0ced
835727090,sub-835477230/sub-835477230_ses-835727090_icephys.nwb,65.4,4b184a41-5e0a-45e4-9f56-7e012aeef14f
835730310,sub-835477230/sub-835477230_ses-835730310_icephys.nwb,63.8,235870c8-3008-492c-8699-2e117cd46cd4
839223718,sub-837533189/sub-837533189_ses-839223718_icephys.nwb,28.7,ec914133-0a45-4a2f-94b9-b5907dc7fcd2
839931440,sub-839796862/sub-839796862_ses-839931440_icephys.nwb,24.7,537797a3-650c-474f-a1a2-3902ea7a6082
839996579,sub-839796862/sub-839796862_ses-839996579_icephys.nwb,65.1,65d25680-04dd-430d-8d52-c1bfd7381af0
840113066,sub-839796862/sub-839796862_ses-840113066_icephys.nwb,35.3,cc1f0681-cb93-4bee-825f-5b8f6a45d507
847678242,sub-846404050/sub-846404050_ses-847678242_icephys.nwb,21.2,669250a2-a860-4e39-a668-d559adbdcc96
847770178,sub-846404050/sub-846404050_ses-847770178_icephys.nwb,21.2,16d185c0-4d30-4ed7-b661-6d7bda7fbb86
847865279,sub-846404050/sub-846404050_ses-847865279_icephys.nwb,28.6,1d4947dd-dd73-4678-9928-a556963db7c1
847895793,sub-846404050/sub-846404050_ses-847895793_icephys.nwb,19.1,7891885c-9fd7-4b12-8620-0d6c58b6c7ed
847940469,sub-846404050/sub-846404050_ses-847940469_icephys.nwb,36.7,de24e745-e35e-42b1-ab08-3f16bd3642f0
847970008,sub-846404050/sub-846404050_ses-847970008_icephys.nwb,19.7,cdc282f8-a692-4a8c-a520-15fe03ebd6f8
848348427,sub-846404050/sub-846404050_ses-848348427_icephys.nwb,20.2,76079e4e-ecc0-4f63-acdf-9147d737c796
848389940,sub-846404050/sub-846404050_ses-848389940_icephys.nwb,27.7,8df2d959-aa6f-45c1-bc3a-dd8ccd0f1e10
848565133,sub-846404050/sub-846404050_ses-848565133_icephys.nwb,22.1,efd7560a-95cf-49ad-8c42-12da0f846504
848586183,sub-846404050/sub-846404050_ses-848586183_icephys.nwb,31.4,efbfb8a8-35b4-45ea-ab2f-6e0572a85258
848590489,sub-846404050/sub-846404050_ses-848590489_icephys.nwb,20.5,c3af9fb0-aa77-4897-953f-8b9972c8c8cb
848610365,sub-846404050/sub-846404050_ses-848610365_icephys.nwb,27.1,8ab446ed-5fb7-44ab-b308-159b426096c4
848627815,sub-846404050/sub-846404050_ses-848627815_icephys.nwb,21.1,f9a00503-f495-43dd-a57d-e84799f05b84
848629111,sub-846404050/sub-846404050_ses-848629111_icephys.nwb,43.4,87720e7c-1aeb-429a-a804-835f1abf36c7
848632801,sub-846404050/sub-846404050_ses-848632801_icephys.nwb,28.5,37c73eda-ce7f-4938-8721-999648cd041c
848636862,sub-846404050/sub-846404050_ses-848636862_icephys.nwb,23.2,dae25366-1c54-4874-8fe7-0d813148af6d
848653368,sub-846404050/sub-846404050_ses-848653368_icephys.nwb,19.4,dff74863-b9da-4e2e-8aff-9684c2cf11af
848656880,sub-846404050/sub-846404050_ses-848656880_icephys.nwb,23.5,ed286b7e-954d-4fd5-8396-5859726e8741
848680960,sub-846404050/sub-846404050_ses-848680960_icephys.nwb,36.7,a10089ec-44bd-4668-ac2b-dab24eb4469d
850885881,sub-849052252/sub-849052252_ses-850885881_icephys.nwb,20.7,e4f18e75-514d-4070-ad7b-b9f6912b2212
850916851,sub-849052252/sub-849052252_ses-850916851_icephys.nwb,19.4,52298412-b668-4bed-b11c-7cf3d5e01783
851002801,sub-849052252/sub-849052252_ses-851002801_icephys.nwb,20.7,25b77bd8-90ac-4535-89e5-d7826a20ba6a
851673495,sub-849052252/sub-849052252_ses-851673495_icephys.nwb,24.0,0ab5e032-8233-4edf-9d37-4b773572303d
851688593,sub-849052252/sub-849052252_ses-851688593_icephys.nwb,20.1,a21c0961-6a86-4434-a77c-a79d62dbf005
851708174,sub-849052252/sub-849052252_ses-851708174_icephys.nwb,29.7,6636686e-be76-4eed-8e3b-3d1a038d934c
851805908,sub-849052252/sub-849052252_ses-851805908_icephys.nwb,21.7,beb6c48f-6f08-418c-bcca-2964f11a5e0c
851826230,sub-849052252/sub-849052252_ses-851826230_icephys.nwb,22.3,02e0b74a-36c8-4722-a207-62f2ecc4d2eb
851852960,sub-849052252/sub-849052252_ses-851852960_icephys.nwb,20.7,671cf718-b4c1-4794-9f63-e7b93531e6e1
851866160,sub-849052252/sub-849052252_ses-851866160_icephys.nwb,18.5,cce1f284-87a8-48a0-9d5a-89234a01b508
851881593,sub-849052252/sub-849052252_ses-851881593_icephys.nwb,20.3,de86c14a-4f06-4c09-b061-4dd030e75889
851890102,sub-849052252/sub-849052252_ses-851890102_icephys.nwb,19.2,318e0fd3-b5fd-47ef-befd-8b306a4fe294
852425401,sub-852238534/sub-852238534_ses-852425401_icephys.nwb,61.6,e2b0c2df-3317-43ea-a9d0-ca01cac58f22
852461641,sub-852238534/sub-852238534_ses-852461641_icephys.nwb,25.9,bc4d625c-a14f-4c74-8570-c47e34762d7b
852537319,sub-849052252/sub-849052252_ses-852537319_icephys.nwb,26.9,fa3008b2-8a71-41e2-a3a3-25a5b57a790d
852543403,sub-852238534/sub-852238534_ses-852543403_icephys.nwb,61.8,6e9b829d-c67b-4293-bf9c-c66493a0f971
852555856,sub-849052252/sub-849052252_ses-852555856_icephys.nwb,20.7,bb826c5e-5e68-4199-80d1-c112d9d263c8
852568572,sub-849052252/sub-849052252_ses-852568572_icephys.nwb,18.0,2102b05c-5bb5-46fa-be05-eb486146a875
852636209,sub-849052252/sub-849052252_ses-852636209_icephys.nwb,25.2,8db0169a-4ec8-4281-805c-40f0e228cfd0
852652585,sub-849052252/sub-849052252_ses-852652585_icephys.nwb,24.9,66cafa6a-04b5-4f4f-9b9d-77523cdafe67
853039338,sub-852318897/sub-852318897_ses-853039338_icephys.nwb,20.4,bd7e9487-ab67-4645-ab04-ec093f75fcf8
854632863,sub-854418264/sub-854418264_ses-854632863_icephys.nwb,22.4,469dca27-af07-4c05-8403-2eb51ee1417f
854665238,sub-854418264/sub-854418264_ses-854665238_icephys.nwb,66.3,05f126a2-2c92-44c8-ab80-037972d0afae
855286252,sub-852318897/sub-852318897_ses-855286252_icephys.nwb,22.7,0246a4c8-3cfa-4e59-88b4-0feb24f980a1
855295564,sub-852318897/sub-852318897_ses-855295564_icephys.nwb,20.2,90259c03-f252-4022-bd1e-a04e6e25782f
855332413,sub-852318897/sub-852318897_ses-855332413_icephys.nwb,23.6,1cc9c884-5a54-4b07-8cbe-083a5b5ff782
855336885,sub-852318897/sub-852318897_ses-855336885_icephys.nwb,21.8,69686db8-0a41-4465-8ef8-ac769f73e41d
855448990,sub-852318897/sub-852318897_ses-855448990_icephys.nwb,19.9,6fd93197-9767-4570-a41c-05c8d20ef524
855460170,sub-852318897/sub-852318897_ses-855460170_icephys.nwb,20.3,6613d4c9-10b7-4196-8c69-5175d850213c
855465977,sub-852318897/sub-852318897_ses-855465977_icephys.nwb,28.1,6dc6aeff-c843-4812-87a0-9eec35812e26
855481744,sub-852318897/sub-852318897_ses-855481744_icephys.nwb,18.9,a40ef4fc-0bf9-44b9-a681-5d26125489a9
855488235,sub-852318897/sub-852318897_ses-855488235_icephys.nwb,41.7,206d83e5-a279-45d8-a133-db6a51ba1016
855540734,sub-852318897/sub-852318897_ses-855540734_icephys.nwb,29.4,c1734101-0204-4d84-9f36-8a7367e5b308
855760459,sub-852318897/sub-852318897_ses-855760459_icephys.nwb,19.3,c35f7ac0-143e-4487-b3eb-085fc08d5517
855775198,sub-852318897/sub-852318897_ses-855775198_icephys.nwb,30.1,c238f6ad-1718-436b-b290-16fb6523136c
855783043,sub-852318897/sub-852318897_ses-855783043_icephys.nwb,35.2,c807a181-1a7e-4be7-95c2-148c0de16fc3
855805103,sub-852318897/sub-852318897_ses-855805103_icephys.nwb,23.1,6a25e6cb-b83d-4530-99e4-855e48410e63
855827092,sub-852318897/sub-852318897_ses-855827092_icephys.nwb,25.8,4bb4e991-38dc-460a-917b-f9884ad2ab91
855884204,sub-852318897/sub-852318897_ses-855884204_icephys.nwb,20.4,8013539e-6618-44e5-86ff-15a160451586
855895054,sub-852318897/sub-852318897_ses-855895054_icephys.nwb,31.6,4e22c729-9916-44a6-9d2a-380ccb8fec4f
855931880,sub-854418264/sub-854418264_ses-855931880_icephys.nwb,35.8,dec236c6-49e4-49f4-b53e-9e629229efbe
855950383,sub-854418264/sub-854418264_ses-855950383_icephys.nwb,21.0,10b1595d-cd17-4279-959b-c564a13abf7a
855960160,sub-854418264/sub-854418264_ses-855960160_icephys.nwb,19.9,a1a10bfd-ce3f-454e-b6c5-c049cab8eba3
855966390,sub-854418264/sub-854418264_ses-855966390_icephys.nwb,22.3,6d1c5462-730e-4996-97e3-01d04b2cfd28
855973613,sub-854418264/sub-854418264_ses-855973613_icephys.nwb,20.4,d91ff35e-0be0-4bc4-ae21-875bebf3eb52
856015250,sub-854418264/sub-854418264_ses-856015250_icephys.nwb,26.9,f3f6b1f6-1223-4653-a0bc-ceec0c58681c
856026284,sub-854418264/sub-854418264_ses-856026284_icephys.nwb,24.7,f126676b-5ffd-4b1e-8fd1-4f337b845367
856243319,sub-854418264/sub-854418264_ses-856243319_icephys.nwb,20.6,5ccfd7bf-fbc7-467c-9c14-e006c45b0a48
856257185,sub-854418264/sub-854418264_ses-856257185_icephys.nwb,24.7,765f39ef-afad-4664-a00a-0bb02c115996
856271129,sub-854418264/sub-854418264_ses-856271129_icephys.nwb,22.9,effacdfa-6d1e-41bf-b666-0fc6578f7b70
856284517,sub-854418264/sub-854418264_ses-856284517_icephys.nwb,20.7,e36ed7d6-d5f8-4ef3-bf0a-3caaf31433ef
856297122,sub-854418264/sub-854418264_ses-856297122_icephys.nwb,19.0,e7f9a66f-06b8-432c-8d3f-667290416b78
856298141,sub-854418264/sub-854418264_ses-856298141_icephys.nwb,20.4,d487afd0-e7df-4a34-a759-39f839befff8
856304448,sub-854418264/sub-854418264_ses-856304448_icephys.nwb,20.9,a3a2fe24-fa8f-40a9-8ed5-da237b28a2b5
857469215,sub-857183962/sub-857183962_ses-857469215_icephys.nwb,68.8,df07c2bf-c5be-4c93-9d05-54d86e0a8311
857568495,sub-857183962/sub-857183962_ses-857568495_icephys.nwb,72.1,2ab0efbe-6b89-4aa1-a483-b3b542ff77d3
857580744,sub-857183962/sub-857183962_ses-857580744_icephys.nwb,65.5,ea04cbf3-9f0c-4040-a4fb-d0556763df7b
857618483,sub-857183962/sub-857183962_ses-857618483_icephys.nwb,19.4,0c1057ae-823f-4d77-98a4-c5f9e5ede046
857674873,sub-857183962/sub-857183962_ses-857674873_icephys.nwb,69.7,25eb6da0-94a5-4e0b-84b3-24e73cfb94b1
857679080,sub-857183962/sub-857183962_ses-857679080_icephys.nwb,64.0,23f1cdec-ac13-432d-b785-501c48da4365
864063186,sub-861697826/sub-861697826_ses-864063186_icephys.nwb,23.1,db4bd815-75e0-44dd-ba61-e68106f2e9a7
864072643,sub-861697826/sub-861697826_ses-864072643_icephys.nwb,31.3,3567347f-8679-4917-87a5-1cf4bb522b7e
867999662,sub-867677402/sub-867677402_ses-867999662_icephys.nwb,21.7,c6f6b85d-b878-4095-a209-6203ecaa6c38
868073555,sub-867677402/sub-867677402_ses-868073555_icephys.nwb,46.3,ff7d8d5a-4d72-4ec3-87ab-1ff721744732
868106479,sub-867677402/sub-867677402_ses-868106479_icephys.nwb,41.7,f24e9c36-6df8-4c4d-b990-0283662f2ed9
868109850,sub-867677402/sub-867677402_ses-868109850_icephys.nwb,21.9,f06f6756-2ada-44e3-a657-9367a4cbefff
868124858,sub-867677402/sub-867677402_ses-868124858_icephys.nwb,27.6,fc0f50d4-a580-4a14-8124-05a3cb27b5b1
868145850,sub-867677402/sub-867677402_ses-868145850_icephys.nwb,31.6,2cf7853d-8ac6-4c7a-a218-af383ebd931c
868168635,sub-867677402/sub-867677402_ses-868168635_icephys.nwb,29.9,e6d0a888-80ab-4ed2-9c56-639386a20887
868240696,sub-868104622/sub-868104622_ses-868240696_icephys.nwb,23.2,e33bf370-4ee8-4fee-a351-301a083d56a3
872139487,sub-867677402/sub-867677402_ses-872139487_icephys.nwb,20.4,a848f162-5fed-4bc0-8ec2-0c53239cff88
873756822,sub-871554083/sub-871554083_ses-873756822_icephys.nwb,23.0,417cab4f-f915-409c-8423-f6a36d686c3a
873779439,sub-871554083/sub-871554083_ses-873779439_icephys.nwb,45.0,354544a3-17c2-4c63-b7a4-3e011f518c59
873805567,sub-871554083/sub-871554083_ses-873805567_icephys.nwb,35.7,a1b3de40-9acb-4f6a-a2e1-0fe62c97fc87
873817347,sub-871554083/sub-871554083_ses-873817347_icephys.nwb,26.9,0335a7b0-4a22-4502-a360-e68eaa6d83b1
875385912,sub-871554083/sub-871554083_ses-875385912_icephys.nwb,26.9,473cdb28-9dda-47ba-b379-fd4d1ef3eb10
875493592,sub-871554083/sub-871554083_ses-875493592_icephys.nwb,28.6,5ada5b1f-7618-4072-bf5f-a022d9af8581
880361454,sub-879881396/sub-879881396_ses-880361454_icephys.nwb,52.5,838f5504-b316-4d80-a627-32172333ad74
880506499,sub-879881396/sub-879881396_ses-880506499_icephys.nwb,62.3,ea8a4374-3904-4e4f-be1e-ef6bddabc0da
880702290,sub-879881396/sub-879881396_ses-880702290_icephys.nwb,20.7,de3a1974-1b7a-4222-b449-5be42c567f24
886367592,sub-879881396/sub-879881396_ses-886367592_icephys.nwb,37.6,248e1189-e11c-4fdc-9177-4810e41fff86
886414486,sub-879881396/sub-879881396_ses-886414486_icephys.nwb,20.0,a0a178ec-8716-4221-9018-ed6b26c23928
886538790,sub-879881396/sub-879881396_ses-886538790_icephys.nwb,25.3,2bbf8bb0-7e4f-42e9-926f-1ee305c7cc07
886543948,sub-879881396/sub-879881396_ses-886543948_icephys.nwb,24.2,05af0bbe-ab33-4ca0-9412-535c6427f99a
886546999,sub-879881396/sub-879881396_ses-886546999_icephys.nwb,22.6,bab45a2f-6029-46ca-8d8c-24a8c9fb21e9
886972967,sub-879881396/sub-879881396_ses-886972967_icephys.nwb,19.3,0d8a8dbf-843b-480c-85c7-9730268500b4
887127366,sub-879881396/sub-879881396_ses-887127366_icephys.nwb,20.6,cf4357dc-84c3-4d0d-9eaf-c8ac9c4c5433
889746152,sub-889628154/sub-889628154_ses-889746152_icephys.nwb,20.4,a7079b18-3ce9-4269-bc89-f853e38a06c2
889748381,sub-889628154/sub-889628154_ses-889748381_icephys.nwb,29.9,bc990062-86ec-4375-bb79-fd52f0c4f573
889775041,sub-889628154/sub-889628154_ses-889775041_icephys.nwb,21.7,6dd9ea78-9a04-47e8-86b2-dc92b89638d9
889787048,sub-889628154/sub-889628154_ses-889787048_icephys.nwb,52.9,7d299743-0524-41df-8148-afb1e36df16b
893412281,sub-889628154/sub-889628154_ses-893412281_icephys.nwb,33.6,d9076e09-16a8-4a5b-b7e9-48b33ee2494a
893455729,sub-889628154/sub-889628154_ses-893455729_icephys.nwb,35.3,d7444e72-2b2f-40b5-8119-b3fc25242676
893462401,sub-889628154/sub-889628154_ses-893462401_icephys.nwb,26.1,8f696b9c-8386-412d-9c11-242feb37565b
893503498,sub-889628154/sub-889628154_ses-893503498_icephys.nwb,35.4,0f23a3dd-8d49-4d4b-a7b2-6291caccc296
893540617,sub-889628154/sub-889628154_ses-893540617_icephys.nwb,20.8,e0aec901-52cb-4c1d-b077-dcdfbd9c48c5
893586737,sub-889628154/sub-889628154_ses-893586737_icephys.nwb,20.4,1178ca63-55b1-495c-b446-347b9fb7dd84
893605727,sub-889628154/sub-889628154_ses-893605727_icephys.nwb,25.0,7b687583-b09d-4325-8ec2-c2da766a93a0
893605923,sub-889628154/sub-889628154_ses-893605923_icephys.nwb,36.9,568871cf-32db-4a81-9b14-a6f791c59c7a
893647118,sub-889628154/sub-889628154_ses-893647118_icephys.nwb,21.7,3b60eb6d-e444-4d0c-b486-c8107dedd0d0
893655610,sub-889628154/sub-889628154_ses-893655610_icephys.nwb,34.9,45ce752d-eee8-4644-a97f-bc3fbc93136d
893695140,sub-889628154/sub-889628154_ses-893695140_icephys.nwb,24.4,2bb70cd6-6252-4706-94ec-9b700fe16bfb
893714075,sub-889628154/sub-889628154_ses-893714075_icephys.nwb,20.8,b6ee198e-3e3f-4134-9794-b69876691d54
893734485,sub-889628154/sub-889628154_ses-893734485_icephys.nwb,20.4,6ddeb1b5-87cb-4728-9554-4ab5bd5eca50
893757808,sub-889628154/sub-889628154_ses-893757808_icephys.nwb,24.8,0dd1ae6e-9c4d-4efa-b00c-0380819f58b5
894197334,sub-889628154/sub-889628154_ses-894197334_icephys.nwb,32.8,01f08052-3cb7-41db-8af0-26bae5327958
894359999,sub-889628154/sub-889628154_ses-894359999_icephys.nwb,26.2,335bdb49-dd2a-43dc-9b78-52a6e5f7582d
894438284,sub-889628154/sub-889628154_ses-894438284_icephys.nwb,20.0,109336f4-9aad-4518-aff7-0c4d57fffd11
894467405,sub-889628154/sub-889628154_ses-894467405_icephys.nwb,22.7,79f5bff6-7baf-49a1-9c1c-4ffed29b0fe4
894527549,sub-889628154/sub-889628154_ses-894527549_icephys.nwb,19.9,bcb4cf8c-6bc7-4b42-ae56-941e90d6f250
894610493,sub-889628154/sub-889628154_ses-894610493_icephys.nwb,24.3,557c152a-72c0-4b47-b1b2-56f4aad9e87a
902457463,sub-902323111/sub-902323111_ses-902457463_icephys.nwb,21.0,827a3da1-a709-4148-b19a-f2d7a66c0d8c
902461473,sub-902323111/sub-902323111_ses-902461473_icephys.nwb,64.1,73d46c9c-83fd-4ad6-b233-2aecd906b02e
902463004,sub-902323111/sub-902323111_ses-902463004_icephys.nwb,38.3,d83f65d5-92e4-4a00-a5af-60cf5ded48bd
902477749,sub-902323111/sub-902323111_ses-902477749_icephys.nwb,68.8,b6e2510b-42d1-4203-b030-f855ee347d36
902536395,sub-902323111/sub-902323111_ses-902536395_icephys.nwb,47.5,d312574e-f176-4b4c-9e09-eb969c821fb3
906532834,sub-902323111/sub-902323111_ses-906532834_icephys.nwb,21.1,375108c5-fec5-4ef9-b470-476d65518621
906568513,sub-902323111/sub-902323111_ses-906568513_icephys.nwb,23.8,a17d02f3-3682-442e-acdb-a733ec65d977
906692646,sub-902323111/sub-902323111_ses-906692646_icephys.nwb,27.5,7188c0a8-5bb2-4da2-b055-91039f9b9ee9
906709021,sub-902323111/sub-902323111_ses-906709021_icephys.nwb,33.2,4e88748d-c796-403a-be10-01ee2ef119b8
906733228,sub-902323111/sub-902323111_ses-906733228_icephys.nwb,19.7,a3872cac-b198-4eec-aa99-885370e11c74
906766343,sub-902323111/sub-902323111_ses-906766343_icephys.nwb,41.2,b1969d64-a21f-400a-be3e-3457eec7c7dc
906781170,sub-902323111/sub-902323111_ses-906781170_icephys.nwb,22.9,3dfe8cc0-a8a8-4486-9fea-d6d08eabf036
907144960,sub-902323111/sub-902323111_ses-907144960_icephys.nwb,20.9,304bc549-6578-400b-b4d6-adb96ede58b3
907319329,sub-902323111/sub-902323111_ses-907319329_icephys.nwb,23.6,e8600c15-8bc3-4931-9eda-babbf4a404fa
907340520,sub-902323111/sub-902323111_ses-907340520_icephys.nwb,21.7,dff30685-9782-4299-83eb-137b65d453fa
907381276,sub-902323111/sub-902323111_ses-907381276_icephys.nwb,24.2,7ac3af9e-bb28-4b5d-a7e3-aaf13c84b9fb
907432829,sub-902323111/sub-902323111_ses-907432829_icephys.nwb,21.4,03ed648e-f6cc-497c-bc70-5843ec9a7432
907564597,sub-907501068/sub-907501068_ses-907564597_icephys.nwb,40.3,a983cbe5-88a6-4b04-b38b-6d801cf2ca0b
907573806,sub-907501068/sub-907501068_ses-907573806_icephys.nwb,20.3,c5e2718c-c967-4ad5-85e8-53638eaa317d
907584826,sub-907501068/sub-907501068_ses-907584826_icephys.nwb,31.7,f40daf78-9e0c-409c-bcb0-fd53931422d8
907584983,sub-907501068/sub-907501068_ses-907584983_icephys.nwb,73.6,5f02f901-cd78-4946-8394-0018832e3f9f
907597657,sub-907501068/sub-907501068_ses-907597657_icephys.nwb,26.3,bff6dd79-8a82-4d0b-bcd7-c18e1d5d7bb1
910298720,sub-907501068/sub-907501068_ses-910298720_icephys.nwb,20.0,e093f53e-3ae6-4549-aaef-ff6460c5446c
910319653,sub-907501068/sub-907501068_ses-910319653_icephys.nwb,20.2,d5e9422c-0876-4235-98ad-26f777ceba19
910335384,sub-907501068/sub-907501068_ses-910335384_icephys.nwb,19.7,dce5a2c4-7042-4656-9ad2-cf9dd83f40c3
910352435,sub-907501068/sub-907501068_ses-910352435_icephys.nwb,26.0,81624f3f-9b6b-4805-a60b-1a99feb9907c
910352638,sub-907501068/sub-907501068_ses-910352638_icephys.nwb,26.4,b509c7f0-4c08-44c3-90ed-14b3538a376d
910408142,sub-907501068/sub-907501068_ses-910408142_icephys.nwb,23.2,7d6429b1-f94f-4602-b698-8d16902645f9
910434305,sub-907501068/sub-907501068_ses-910434305_icephys.nwb,25.4,a034e0d3-5c8e-4cbf-82ef-7542a9f231e9
910459748,sub-907501068/sub-907501068_ses-910459748_icephys.nwb,26.5,9889c266-8d24-47fb-b30b-a4830a040ed1
910477695,sub-907501068/sub-907501068_ses-910477695_icephys.nwb,22.0,10834517-ffbd-4afd-99a2-1f6bc7a112e9
910809635,sub-907501068/sub-907501068_ses-910809635_icephys.nwb,22.1,448ac7e7-a19d-4946-8e3b-6517af21b5ef
910813336,sub-907501068/sub-907501068_ses-910813336_icephys.nwb,31.5,7d66caa9-13b9-41ec-b4f0-c4cc2153de5b
910817683,sub-907501068/sub-907501068_ses-910817683_icephys.nwb,22.4,8b868e73-b11e-4467-9be2-c2bcc78def84
911027827,sub-902323111/sub-902323111_ses-911027827_icephys.nwb,23.4,7f63bada-bb13-4046-baf2-22167842adbc
911043175,sub-910872916/sub-910872916_ses-911043175_icephys.nwb,34.2,20fa9ced-55be-4d86-8502-95de2c9e7dda
912009042,sub-907501068/sub-907501068_ses-912009042_icephys.nwb,38.2,8d83e627-89cf-4df7-bf7a-6736235fa862
912063850,sub-907501068/sub-907501068_ses-912063850_icephys.nwb,25.1,b44e49c6-a946-4e5e-81cc-fc5a191ad622
912201092,sub-907501068/sub-907501068_ses-912201092_icephys.nwb,21.6,07c10f80-d393-40a7-9bd4-0e5407cc1b19
912228391,sub-907501068/sub-907501068_ses-912228391_icephys.nwb,23.3,0856831c-06ec-431d-b638-807eb64cd3af
912289929,sub-907501068/sub-907501068_ses-912289929_icephys.nwb,25.2,deed0c1b-df4e-4b31-b229-08607cd18bf5
912335658,sub-907501068/sub-907501068_ses-912335658_icephys.nwb,19.1,b3cada35-039f-4f6a-97a1-6263c3e0b5f2
912369140,sub-907501068/sub-907501068_ses-912369140_icephys.nwb,22.2,0a0db7d6-5bac-4723-b651-a3c5496629a0
914257522,sub-907501068/sub-907501068_ses-914257522_icephys.nwb,23.7,30b83a27-83d0-40ee-9242-6f8ba38b9c2b
914342344,sub-907501068/sub-907501068_ses-914342344_icephys.nwb,40.2,5dab7107-5ef4-460d-970d-5ac4f0190f1f
914354777,sub-907501068/sub-907501068_ses-914354777_icephys.nwb,22.1,4abc0661-7b50-478f-a379-413daedc6475
914355964,sub-907501068/sub-907501068_ses-914355964_icephys.nwb,33.8,e8451417-dfcb-4b00-b751-87acb3eff643
914396880,sub-907501068/sub-907501068_ses-914396880_icephys.nwb,31.3,a8b3e5a4-2b2e-40ce-9ce0-1fe72529fd32
914711980,sub-914686740/sub-914686740_ses-914711980_icephys.nwb,21.0,1d0d63ce-3415-4c58-9457-d121bf0d0709
914722342,sub-914686740/sub-914686740_ses-914722342_icephys.nwb,22.2,0f3f57d9-f080-4b19-a687-acc5835fef5d
914732384,sub-914686740/sub-914686740_ses-914732384_icephys.nwb,23.2,2348d44b-a555-4d0b-8fc0-5fc4fa2316fa
914826681,sub-914686740/sub-914686740_ses-914826681_icephys.nwb,22.5,d23525a5-0c6e-4577-82cc-d8aa34d25ae7
914845679,sub-914686740/sub-914686740_ses-914845679_icephys.nwb,20.6,6a990373-8197-42f5-837d-7ee6bd309fff
914850227,sub-914686740/sub-914686740_ses-914850227_icephys.nwb,22.5,b0c0bee6-6859-4373-8ee4-64e07c5958e1
914862776,sub-914686740/sub-914686740_ses-914862776_icephys.nwb,34.0,a6164e69-54df-4a83-b491-e493d65e7072
920031365,sub-914686740/sub-914686740_ses-920031365_icephys.nwb,22.2,138d2754-d342-46e3-8cc4-985d1c678636
923084783,sub-922967568/sub-922967568_ses-923084783_icephys.nwb,56.8,3f99dab4-65ff-462b-9c87-3c932c2394bb
925319144,sub-925115441/sub-925115441_ses-925319144_icephys.nwb,21.4,f7502a77-d696-46e3-ae86-a3ce8b383abf
925550764,sub-925115441/sub-925115441_ses-925550764_icephys.nwb,66.0,ba6ab14e-2a10-4014-b5fa-c329f9499795
925586344,sub-925115441/sub-925115441_ses-925586344_icephys.nwb,67.6,e0414205-4b9a-4814-b7d0-f8ed842b5f64
925619620,sub-925115441/sub-925115441_ses-925619620_icephys.nwb,42.7,c6f0056a-ca96-49d5-8911-d51d51054689
928357299,sub-925115441/sub-925115441_ses-928357299_icephys.nwb,34.9,cf28065f-4dce-410e-9014-74b4937dbf39
928374037,sub-925115441/sub-925115441_ses-928374037_icephys.nwb,28.6,f7ce0d20-2186-4751-9dcb-d3e76f773c55
928381011,sub-925115441/sub-925115441_ses-928381011_icephys.nwb,63.7,42eaac88-faad-4523-b45d-33f5186f247d
931983750,sub-925115441/sub-925115441_ses-931983750_icephys.nwb,38.3,a1f940cd-7839-4e7a-a285-6731a30daa3f
932027144,sub-925115441/sub-925115441_ses-932027144_icephys.nwb,38.5,aa72df23-6880-4df8-bad7-23d838d37634
932072062,sub-925115441/sub-925115441_ses-932072062_icephys.nwb,30.2,ba8bc632-c2f3-4f5e-8d44-417f1fc85365
932161154,sub-925115441/sub-925115441_ses-932161154_icephys.nwb,32.5,0e2a5462-af43-427e-85c5-9372437743f2
932241101,sub-925115441/sub-925115441_ses-932241101_icephys.nwb,24.2,d7ca5e6e-7fd6-4831-90a9-1e6adb73361a
933111103,sub-932737114/sub-932737114_ses-933111103_icephys.nwb,53.8,2ff29009-a75b-4256-8b79-50c37529e481
937467800,sub-932737114/sub-932737114_ses-937467800_icephys.nwb,32.5,a9053f2f-4237-4604-a8c2-3cfcfe6d1291
937690234,sub-932737114/sub-932737114_ses-937690234_icephys.nwb,40.3,ec3123dd-68d1-4073-9612-fb7296579f91
937733055,sub-932737114/sub-932737114_ses-937733055_icephys.nwb,31.3,3003486a-09bd-44b0-a092-1e0a4e8fa941
937807317,sub-932737114/sub-932737114_ses-937807317_icephys.nwb,39.0,d31de2ee-56a5-411d-82eb-b9de5b3a275e
939536212,sub-932737114/sub-932737114_ses-939536212_icephys.nwb,30.8,dbb42a7e-52a2-45ce-a8e1-182832ecd88c
939729221,sub-932737114/sub-932737114_ses-939729221_icephys.nwb,38.1,5da744b4-a9da-4157-945a-bcf5c994c12a
939977608,sub-932737114/sub-932737114_ses-939977608_icephys.nwb,71.6,76295726-8d3c-4909-b8a6-ec89ec821427
940058800,sub-932737114/sub-932737114_ses-940058800_icephys.nwb,37.7,427962f8-c861-42ac-8ef0-81cd41ae6035
940142017,sub-932737114/sub-932737114_ses-940142017_icephys.nwb,67.6,f5902e24-3419-44e4-a859-1b1108a57d6d
940176908,sub-932737114/sub-932737114_ses-940176908_icephys.nwb,63.0,88d228ad-9447-41a0-92cf-94d145b1e19b
941707372,sub-940797963/sub-940797963_ses-941707372_icephys.nwb,28.6,dacfffbb-d66a-4a1c-b703-5debda3f4784
941766168,sub-940797963/sub-940797963_ses-941766168_icephys.nwb,37.0,7e98fbaf-b3e3-4f81-83dd-b60d61cd878d
941802953,sub-940797963/sub-940797963_ses-941802953_icephys.nwb,31.2,6a7591de-09bf-4a85-9a64-e9df00366831
941837027,sub-940797963/sub-940797963_ses-941837027_icephys.nwb,31.9,3688efd7-ac31-4bf9-8a1b-fa74b98caf19
941862403,sub-940797963/sub-940797963_ses-941862403_icephys.nwb,31.4,1dca4ebb-b3eb-4bfc-ab34-0ec9a6719647
941896067,sub-940797963/sub-940797963_ses-941896067_icephys.nwb,29.6,922a80d6-22c8-4079-9194-60154d691400
941919244,sub-940797963/sub-940797963_ses-941919244_icephys.nwb,31.1,93f673f9-723d-4373-a437-2ee961ff8f61
941981967,sub-940797963/sub-940797963_ses-941981967_icephys.nwb,89.6,bd66dc0e-6438-4c76-a056-6dd0fe09d8b2
944811206,sub-940797963/sub-940797963_ses-944811206_icephys.nwb,39.9,31f0f9fd-1645-403d-925d-86bd8b77da4b
944876110,sub-940797963/sub-940797963_ses-944876110_icephys.nwb,40.2,eda04929-561d-4eee-a59b-ee09a2c1ea4d
944899511,sub-940797963/sub-940797963_ses-944899511_icephys.nwb,35.1,b47cb821-9a05-49cb-9cfc-fbc448a940c9
954070103,sub-949398083/sub-949398083_ses-954070103_icephys.nwb,97.1,4428d981-7627-4609-bd7a-339100b3bb07
954180753,sub-949398083/sub-949398083_ses-954180753_icephys.nwb,97.1,15314a85-6659-4a71-8445-39e6cc9dec2e
954195762,sub-949398083/sub-949398083_ses-954195762_icephys.nwb,33.7,162c0ef9-d108-4bb5-9f19-d6aad0a6303d
954206290,sub-949398083/sub-949398083_ses-954206290_icephys.nwb,36.6,f226ee10-9d5b-476e-892e-8b48b4d4e0dc
954213380,sub-949398083/sub-949398083_ses-954213380_icephys.nwb,33.3,bb221039-f942-4de6-b559-cdb1eb7e6932
954223159,sub-949398083/sub-949398083_ses-954223159_icephys.nwb,28.9,1b3fc040-ace8-405b-976b-86fe0f59478c
954254551,sub-949398083/sub-949398083_ses-954254551_icephys.nwb,95.4,2c93ce78-a16f-405e-b786-a633e2333084
954260983,sub-949398083/sub-949398083_ses-954260983_icephys.nwb,63.6,9eb566b3-3abf-41c6-8624-0b62a3e62949
954261962,sub-949398083/sub-949398083_ses-954261962_icephys.nwb,21.3,c1de7613-5b3c-4f70-9d15-361e87d5ed61
960630106,sub-956866262/sub-956866262_ses-960630106_icephys.nwb,27.7,afd03578-5e77-46da-8616-3d88892fd1f9
960677014,sub-956866262/sub-956866262_ses-960677014_icephys.nwb,32.7,a91086cc-4e01-4f76-a978-63f7fb86fb7a
960702357,sub-956866262/sub-956866262_ses-960702357_icephys.nwb,21.3,1e6afa49-dded-4afc-81c9-eaf8ce6c72e0
960789211,sub-956866262/sub-956866262_ses-960789211_icephys.nwb,38.3,3cd5f313-ff74-4722-8600-2200217284b6
960829480,sub-956866262/sub-956866262_ses-960829480_icephys.nwb,27.0,10fe98a9-a371-4eee-a878-39cf37a44a11
960863461,sub-956866262/sub-956866262_ses-960863461_icephys.nwb,33.5,3886daaa-7295-41ae-b47e-71d4714c0c2e
960878338,sub-956866262/sub-956866262_ses-960878338_icephys.nwb,23.6,f72d303f-2c22-487f-b761-6cd734cfd7ab
960890640,sub-956866262/sub-956866262_ses-960890640_icephys.nwb,26.0,741edc5c-9367-4a76-8e47-9c5eecf33b31
966553616,sub-965157881/sub-965157881_ses-966553616_icephys.nwb,28.2,f8b6ae3f-caeb-48e5-92d4-4c6532ac3616
966584680,sub-965157881/sub-965157881_ses-966584680_icephys.nwb,27.2,9ce19eae-6f49-4cf9-bb12-e477529c0f6f
966616535,sub-965157881/sub-965157881_ses-966616535_icephys.nwb,27.8,3afa4866-4d9c-484a-a6f1-16f7c9591d23
966905414,sub-965157881/sub-965157881_ses-966905414_icephys.nwb,27.8,d08dadf9-7197-44b7-97f9-5e680deeac9e
966910704,sub-965157881/sub-965157881_ses-966910704_icephys.nwb,32.0,6f6abccc-e1ff-4b3b-be2c-8eafc6889ee8
967516647,sub-964127089/sub-964127089_ses-967516647_icephys.nwb,42.9,7540ca2c-f37d-42d1-ba56-e8b41dfb8159
967540022,sub-964127089/sub-964127089_ses-967540022_icephys.nwb,22.9,0805d106-6e35-42a6-9d67-ac4e5846ac20
967644437,sub-964127089/sub-964127089_ses-967644437_icephys.nwb,46.4,9e7f6125-9e5b-4c0c-b101-32cdb1cd7bf4
967660413,sub-964127089/sub-964127089_ses-967660413_icephys.nwb,26.4,931a69dd-64c7-499f-9d84-3d6f9881c559
983384648,sub-977091139/sub-977091139_ses-983384648_icephys.nwb,30.9,431ef568-7405-4db1-9f26-8f214a1a79eb
983550108,sub-977091139/sub-977091139_ses-983550108_icephys.nwb,21.9,89fe97b0-ea3c-4057-8820-63f94153dc9d
992036156,sub-991969173/sub-991969173_ses-992036156_icephys.nwb,44.8,54747d88-8c1d-4bee-a993-60532846d4fa
993962186,sub-992398727/sub-992398727_ses-993962186_icephys.nwb,26.6,d7880a71-4aec-47f4-8dd1-440551758367
993966420,sub-992398727/sub-992398727_ses-993966420_icephys.nwb,28.8,86888787-470f-4ea9-966d-c46d2de03b69
993967110,sub-992398727/sub-992398727_ses-993967110_icephys.nwb,31.6,3ccdb4d0-0edc-4ac7-b8d5-9c7f62550837
993972749,sub-992398727/sub-992398727_ses-993972749_icephys.nwb,29.2,77df5a5b-c57b-40ad-a4f3-046a740cadcb
993980702,sub-992398727/sub-992398727_ses-993980702_icephys.nwb,26.8,44f12af0-d032-4fa1-8c7a-aa1745298af8
993980729,sub-992398727/sub-992398727_ses-993980729_icephys.nwb,29.3,b51342cd-4a3b-43f5-8a8a-2e07e72377cb
993983582,sub-992398727/sub-992398727_ses-993983582_icephys.nwb,25.8,25c3a055-2eb4-4ec1-a970-06eb81878ae6
993996643,sub-992398727/sub-992398727_ses-993996643_icephys.nwb,27.2,60fa5875-fc15-4cb0-8312-6081a31cba43
994735761,sub-992398727/sub-992398727_ses-994735761_icephys.nwb,32.2,2eb6b4b8-9c42-490b-b8f4-125f4810e3eb
994739889,sub-992398727/sub-992398727_ses-994739889_icephys.nwb,32.1,7fa9f6c3-75e2-42dc-8de3-cc395afe2d22
1000781418,sub-1000181910/sub-1000181910_ses-1000781418_icephys.nwb,32.6,b295a1cf-4148-417b-a8cf-76c09750d0d5
1001424563,sub-1000181910/sub-1000181910_ses-1001424563_icephys.nwb,51.0,3c3220d5-08ac-4f98-b4e0-696675e266d6
1001431743,sub-1000181910/sub-1000181910_ses-1001431743_icephys.nwb,32.9,c000bcd1-c3a1-4e63-96f1-6f5c770fb0a5
1001443326,sub-1000181910/sub-1000181910_ses-1001443326_icephys.nwb,31.5,9cdd2ac0-a8bc-4ec2-9178-85e2c268cdac
1001454161,sub-1000181910/sub-1000181910_ses-1001454161_icephys.nwb,31.1,4e4dbd9c-1d2a-44cf-bb40-278cfe76947e
1001469827,sub-1001372857/sub-1001372857_ses-1001469827_icephys.nwb,21.2,e7e6c14d-4216-4513-a2ad-d005d3008863
1001482577,sub-1000181910/sub-1000181910_ses-1001482577_icephys.nwb,40.3,f9e21c6f-8360-4142-9674-21090b59e6d8
1001490352,sub-1000181910/sub-1000181910_ses-1001490352_icephys.nwb,44.1,9b50eba9-7565-4c5e-9c8e-418122bfc1e9
1001503119,sub-1000181910/sub-1000181910_ses-1001503119_icephys.nwb,36.8,9300427b-270e-45b6-8bec-5a1b4eac1751
1001514132,sub-1000181910/sub-1000181910_ses-1001514132_icephys.nwb,34.0,fd1741d2-1a51-4993-b456-addb2b4b52d0
1001520339,sub-1000181910/sub-1000181910_ses-1001520339_icephys.nwb,29.1,c0e854d5-b6d6-4106-855c-f037e41ab3b3
1002181694,sub-1000610030/sub-1000610030_ses-1002181694_icephys.nwb,38.7,937bc29b-09d6-487a-8ff5-986fe32fee39
1002208108,sub-1000610030/sub-1000610030_ses-1002208108_icephys.nwb,27.3,65e89aa6-d9dc-4874-a3cb-860bdcd690cb
1002212371,sub-1000610030/sub-1000610030_ses-1002212371_icephys.nwb,33.3,d0829bf8-95bc-4e0b-9a45-22a25707f4e9
1002227303,sub-1000610030/sub-1000610030_ses-1002227303_icephys.nwb,33.1,4b81aca8-32ed-406a-a013-628631555791
1002239709,sub-1000610030/sub-1000610030_ses-1002239709_icephys.nwb,41.8,0c392a85-2ef2-42e0-bf92-c7bbd35bf19e
1002250552,sub-1000610030/sub-1000610030_ses-1002250552_icephys.nwb,30.3,752342cf-1945-419b-a769-d3db15c27450
1002456663,sub-1001372857/sub-1001372857_ses-1002456663_icephys.nwb,31.1,d80bccd4-3165-478f-88c6-d83a7a964548
1002470172,sub-1001372857/sub-1001372857_ses-1002470172_icephys.nwb,33.3,81b4ffbf-66fd-4324-8fe7-7d6bd27d2b9c
1002482512,sub-1001372857/sub-1001372857_ses-1002482512_icephys.nwb,30.5,2212363c-f1c8-4d50-9a03-b74334924890
1002527260,sub-1001372857/sub-1001372857_ses-1002527260_icephys.nwb,31.6,88faea6d-382d-4a0d-b098-ec646e1df3d3
1002531904,sub-1001372857/sub-1001372857_ses-1002531904_icephys.nwb,31.0,d04780d1-081b-45af-ba81-3469293d53c2
1002550936,sub-1001372857/sub-1001372857_ses-1002550936_icephys.nwb,25.6,d951b34d-6c7a-48b1-83b3-68a37639d2df
1002945730,sub-1001372857/sub-1001372857_ses-1002945730_icephys.nwb,38.3,8319419e-91dc-434d-9441-9dfce8a06503
1002946578,sub-1001372857/sub-1001372857_ses-1002946578_icephys.nwb,44.9,17d5699a-ef2a-48e8-a449-2c30dbdfe915
1002953802,sub-1001372857/sub-1001372857_ses-1002953802_icephys.nwb,33.6,99d81f8d-c0a2-409b-b89c-a0ae834607e8
1002957236,sub-1000610030/sub-1000610030_ses-1002957236_icephys.nwb,46.2,026f24de-5750-4fc1-9c9a-1c95a9526567
1002962014,sub-1001372857/sub-1001372857_ses-1002962014_icephys.nwb,39.9,99688d9d-b0b9-4dea-b024-18e2fa022335
1002969786,sub-1000610030/sub-1000610030_ses-1002969786_icephys.nwb,35.1,5c0378b7-0b5f-48c2-b9bf-d7e41c8f58e0
1002982816,sub-1000610030/sub-1000610030_ses-1002982816_icephys.nwb,36.6,f56421f3-3b9f-4429-aaeb-1ead72df4048
1002995368,sub-1000610030/sub-1000610030_ses-1002995368_icephys.nwb,40.6,efc0c87b-bc8a-4d62-b701-b98aa94dbf41
1003020600,sub-1000610030/sub-1000610030_ses-1003020600_icephys.nwb,47.0,bfa7aba1-3467-4505-9aa0-c9db06d2eefc
1003030377,sub-1000610030/sub-1000610030_ses-1003030377_icephys.nwb,29.6,33d96d40-4116-40da-84ad-fdd3d5406653
1003259740,sub-1001372857/sub-1001372857_ses-1003259740_icephys.nwb,30.6,93ddd70c-81f5-4128-a081-ee23310cc8e6
1003264747,sub-1001372857/sub-1001372857_ses-1003264747_icephys.nwb,29.0,66d4e0a1-f25f-4f86-9bc6-8bc4f206de73
1003269470,sub-1001372857/sub-1001372857_ses-1003269470_icephys.nwb,19.3,169a0247-0ae1-4202-ab0c-348289e373c2
1003269641,sub-1001372857/sub-1001372857_ses-1003269641_icephys.nwb,32.3,dac16ce0-f87d-41f4-99b9-7907b568b9c5
1003299623,sub-1001372857/sub-1001372857_ses-1003299623_icephys.nwb,37.5,784cc1e1-6818-41af-98b8-c7b04f3ca5dd
1003306867,sub-1001372857/sub-1001372857_ses-1003306867_icephys.nwb,32.0,be319bcd-14d7-46d9-b974-6cf58491a548
1003341757,sub-1001372857/sub-1001372857_ses-1003341757_icephys.nwb,34.4,3da9ff2a-c378-4242-b267-cfb65e0307d3
1003348581,sub-1001372857/sub-1001372857_ses-1003348581_icephys.nwb,30.9,e61c8ed6-616f-4b1d-bca3-f9f695f39d18
1003355399,sub-1001372857/sub-1001372857_ses-1003355399_icephys.nwb,32.4,74954b3f-6634-41c1-9362-651bef875ca4
1003358646,sub-1001372857/sub-1001372857_ses-1003358646_icephys.nwb,31.6,e6974156-a945-4979-92d1-13722ce26fcc
1005096897,sub-1005024327/sub-1005024327_ses-1005096897_icephys.nwb,29.3,6ba94eaa-0a12-4504-abe3-37f5798eae93
1005640537,sub-1005024327/sub-1005024327_ses-1005640537_icephys.nwb,49.2,f86cf2bc-f78a-4300-b230-bfec14c5fc10
1005663793,sub-1005024327/sub-1005024327_ses-1005663793_icephys.nwb,39.0,b3f8a5dd-e87f-4f65-981e-ad83dc2fc09b
1005669083,sub-1005024327/sub-1005024327_ses-1005669083_icephys.nwb,37.1,7e455934-fa65-4b51-ab41-52eac550725a
1005671030,sub-1005024327/sub-1005024327_ses-1005671030_icephys.nwb,38.2,965b4d8f-c69d-479e-8c79-7c7b80554126
1005674395,sub-1005024327/sub-1005024327_ses-1005674395_icephys.nwb,34.0,464b2bcf-09dc-4c57-a92a-ceb5c2855b31
1005680446,sub-1005024327/sub-1005024327_ses-1005680446_icephys.nwb,35.2,30893d01-bdf8-4da3-98ae-cbf4b4559ac8
1005683586,sub-1005024327/sub-1005024327_ses-1005683586_icephys.nwb,46.3,c454a429-617c-4dc5-a1f3-03a85b2c4fa9
1005684864,sub-1005024327/sub-1005024327_ses-1005684864_icephys.nwb,24.6,3389aec4-37b7-4bc6-8466-13e9a637f236
1005689190,sub-1005024327/sub-1005024327_ses-1005689190_icephys.nwb,31.9,d511f185-749f-4706-8a8b-bfd78952761c
1005691069,sub-1005024327/sub-1005024327_ses-1005691069_icephys.nwb,29.7,34307026-599c-4e0b-abf9-70880b87c992
1006385741,sub-1005024327/sub-1005024327_ses-1006385741_icephys.nwb,36.7,b7bad2b4-4a37-4994-8fd7-193e70d532d3
1010235650,sub-1010207282/sub-1010207282_ses-1010235650_icephys.nwb,29.3,7ca4662e-7916-4445-9b8d-486c40ed8f6a
1025597366,sub-1025146065/sub-1025146065_ses-1025597366_icephys.nwb,27.9,8b6f4eca-bd0c-4680-a747-0cd27bec5ff7
1025601587,sub-1025146065/sub-1025146065_ses-1025601587_icephys.nwb,29.4,661885ff-d5c5-40b5-9fd0-1ad158d5cc5b
1025606015,sub-1025146065/sub-1025146065_ses-1025606015_icephys.nwb,31.9,a5056825-db0f-40eb-8572-04d0225b2107
1025615034,sub-1025146065/sub-1025146065_ses-1025615034_icephys.nwb,37.1,3f7fbf50-7eb2-466d-9de5-65a42ab2b656
1026382107,sub-1025146065/sub-1025146065_ses-1026382107_icephys.nwb,32.3,76e2f804-6439-46da-93a3-d542aa652dc7
1026387446,sub-1025146065/sub-1025146065_ses-1026387446_icephys.nwb,22.3,e8532320-1f41-4f6c-86fe-efbe440c94f8
1026391108,sub-1025146065/sub-1025146065_ses-1026391108_icephys.nwb,32.6,6a26400c-4fbc-4d31-9e47-4654cfc40879
1026398426,sub-1025146065/sub-1025146065_ses-1026398426_icephys.nwb,34.1,8bfe8f80-325d-4eb1-8318-a0854ba4f95a
1026542456,sub-1025146065/sub-1025146065_ses-1026542456_icephys.nwb,29.8,482e117a-95fb-4950-a658-5c2046b7f06b
1026546915,sub-1025146065/sub-1025146065_ses-1026546915_icephys.nwb,28.2,1a6177a8-1501-41ce-97c2-2e719d32661b
1026549629,sub-1025146065/sub-1025146065_ses-1026549629_icephys.nwb,26.8,cf14ff97-ece2-435f-b29f-3f92d4518dd2
1026553685,sub-1025146065/sub-1025146065_ses-1026553685_icephys.nwb,32.3,3d58a5dc-45ef-42e1-8606-7d6ae213dfc5
1027217656,sub-1025146065/sub-1025146065_ses-1027217656_icephys.nwb,31.0,3583e8f8-ef50-4f70-b554-264681280d8e
1027239344,sub-1025146065/sub-1025146065_ses-1027239344_icephys.nwb,43.8,3dd6c261-0f3e-4e2e-a521-43c195b88ef7
1027257475,sub-1025146065/sub-1025146065_ses-1027257475_icephys.nwb,31.6,26c675a7-54e1-4f7d-b3cf-18bf4b20c698
1027446425,sub-1026212250/sub-1026212250_ses-1027446425_icephys.nwb,36.5,3b7b3799-5d23-4932-8a3d-63ae3f31eac9
1027550486,sub-1026212250/sub-1026212250_ses-1027550486_icephys.nwb,37.6,d67a6f02-6e23-41ee-a539-6e7404acaede
1030932551,sub-1029212302/sub-1029212302_ses-1030932551_icephys.nwb,36.9,d0dd134b-0acf-46c9-8007-dc45382e859f
1030953959,sub-1029212302/sub-1029212302_ses-1030953959_icephys.nwb,30.9,381b13a0-c570-4860-b4e4-adcec2eee050
1030965103,sub-1029212302/sub-1029212302_ses-1030965103_icephys.nwb,34.2,ece5c4c0-f229-474d-a1d6-526a45f5acd8
1030975891,sub-1029212302/sub-1029212302_ses-1030975891_icephys.nwb,29.9,3a0a427a-0675-4e3b-b491-e64ab171619b
1030983184,sub-1029212302/sub-1029212302_ses-1030983184_icephys.nwb,34.4,91849826-4a52-48f9-8e16-f7898a6df8d2
1033067786,sub-1032184063/sub-1032184063_ses-1033067786_icephys.nwb,41.5,c3fcd61e-ac54-44b8-987c-dd715bee2f43
1033090269,sub-1032184063/sub-1032184063_ses-1033090269_icephys.nwb,32.6,b82e875f-e664-490b-9347-67cacc4c1ea9
1033142329,sub-1032184063/sub-1032184063_ses-1033142329_icephys.nwb,30.4,06009385-85f2-4475-9084-898d714301f0
1033783453,sub-1032184063/sub-1032184063_ses-1033783453_icephys.nwb,44.6,b6a81bb0-1d16-45c3-bbcc-bd787aef78b2
1034480716,sub-1032184063/sub-1032184063_ses-1034480716_icephys.nwb,33.1,a19915ec-922c-4fbc-be21-edd0cc423ab7
1034683499,sub-1032184063/sub-1032184063_ses-1034683499_icephys.nwb,30.9,de0303f8-4368-413c-8aab-bd8ad434bca1
1036864703,sub-1036289507/sub-1036289507_ses-1036864703_icephys.nwb,25.4,a8c4cf3f-244f-4fae-84b5-85949de8d53e
1037441605,sub-1036289507/sub-1036289507_ses-1037441605_icephys.nwb,42.3,b5a40fd3-f2d2-4aac-a4f4-f9fbb6ecc242
1037451533,sub-1036289507/sub-1036289507_ses-1037451533_icephys.nwb,23.7,aaee83b6-51df-473f-adad-a5a066150811
1037452626,sub-1036289507/sub-1036289507_ses-1037452626_icephys.nwb,31.1,8b51374d-9380-42a4-8cfa-f62d12b2cc8d
1037460966,sub-1036289507/sub-1036289507_ses-1037460966_icephys.nwb,31.0,b69f5cb7-77af-44ba-b2f1-ac28df9cead3
1037468184,sub-1036289507/sub-1036289507_ses-1037468184_icephys.nwb,32.2,1ade79d5-134c-4877-8145-304954e5a6aa
1037480901,sub-1036289507/sub-1036289507_ses-1037480901_icephys.nwb,38.4,b52ec501-52a1-44d7-a772-39638cc31ff6
1037485738,sub-1036289507/sub-1036289507_ses-1037485738_icephys.nwb,32.0,03837ab2-979e-4c87-840e-093c8fe803a5
1037501409,sub-1036289507/sub-1036289507_ses-1037501409_icephys.nwb,33.5,5af08d93-a28a-44ef-8d45-537fdad31c4e
1037666374,sub-1036289507/sub-1036289507_ses-1037666374_icephys.nwb,52.1,29034754-1fe7-4c47-b464-dfbd635363f2
1037668793,sub-1036289507/sub-1036289507_ses-1037668793_icephys.nwb,32.0,89246121-680e-4350-a5fa-4304313d2502
1037672709,sub-1036289507/sub-1036289507_ses-1037672709_icephys.nwb,32.2,670f79c1-6ba6-4f1d-822d-5da98f97dd69
1037673721,sub-1036289507/sub-1036289507_ses-1037673721_icephys.nwb,33.1,ebd0c06f-a3c6-438a-8e9d-7951dc962dc3
1037700459,sub-1036289507/sub-1036289507_ses-1037700459_icephys.nwb,41.5,2450ac30-48b8-4fa9-9565-db97cfc14d5d
1037734633,sub-1036289507/sub-1036289507_ses-1037734633_icephys.nwb,25.1,b02bb2d4-0a66-48a3-b9e4-590224085fc9
1037740307,sub-1036289507/sub-1036289507_ses-1037740307_icephys.nwb,19.8,6c578801-093f-4944-8349-700762fffe19
1037749717,sub-1036289507/sub-1036289507_ses-1037749717_icephys.nwb,31.1,8482447a-a7cd-4860-b819-39276c4b5abc
1037762336,sub-1036289507/sub-1036289507_ses-1037762336_icephys.nwb,25.2,48c3debe-2572-4e0b-86b4-029dea50da57
1037771107,sub-1036289507/sub-1036289507_ses-1037771107_icephys.nwb,27.4,7465b1f8-c804-48ad-8e6b-9e96ce7a1ec9
1037916769,sub-1036289507/sub-1036289507_ses-1037916769_icephys.nwb,31.4,40d764ad-1763-44c7-bf83-262902a6205a
1037948172,sub-1036289507/sub-1036289507_ses-1037948172_icephys.nwb,33.3,661e6a07-fc59-4afd-99ac-9c833eb7fa1c
1037964674,sub-1036289507/sub-1036289507_ses-1037964674_icephys.nwb,26.5,b899ffc6-a3ca-4461-b6ab-7c3b931069df
1039066172,sub-1036289507/sub-1036289507_ses-1039066172_icephys.nwb,34.5,c1340794-7c91-40f6-9b89-2acd001d5d16
1040830902,sub-1039120564/sub-1039120564_ses-1040830902_icephys.nwb,28.2,c4232fc6-ba79-46a1-b8f2-c07c56143d57
1040850279,sub-1039120564/sub-1039120564_ses-1040850279_icephys.nwb,39.8,90bc4b6e-32f7-4887-ae36-5b0cded9e8e5
1040861588,sub-1039120564/sub-1039120564_ses-1040861588_icephys.nwb,38.5,29541792-a8e3-4d1b-a088-763526ef2c17
1040862606,sub-1039120564/sub-1039120564_ses-1040862606_icephys.nwb,35.1,56e8da67-2e16-48c4-b360-b4a352ada0f1
1040865846,sub-1039120564/sub-1039120564_ses-1040865846_icephys.nwb,20.9,418bee0a-a85b-4b6f-9887-98af55699a9f
1041062014,sub-1039120564/sub-1039120564_ses-1041062014_icephys.nwb,34.0,ceed3a75-e8a2-4715-b337-c448e55b4f45
1041074435,sub-1039120564/sub-1039120564_ses-1041074435_icephys.nwb,40.0,50beb21d-e00c-400c-8a5b-40ca5636c71b
1049236627,sub-1048208693/sub-1048208693_ses-1049236627_icephys.nwb,30.2,9eacd277-52b4-42f3-b454-c06c890221a0
1049237248,sub-1048208693/sub-1048208693_ses-1049237248_icephys.nwb,26.1,11bad1d8-d56c-46d1-8363-12f655c7e09a
1049238965,sub-1048208693/sub-1048208693_ses-1049238965_icephys.nwb,32.8,4f0527a7-98cb-4561-83c6-24597420859d
1049246820,sub-1048208693/sub-1048208693_ses-1049246820_icephys.nwb,31.8,cf984f12-9907-4c09-8d75-3c4b0ed2c659
1049260222,sub-1048208693/sub-1048208693_ses-1049260222_icephys.nwb,34.6,81864f3f-d788-4338-bb81-cd045bd904b2
1049264939,sub-1048208693/sub-1048208693_ses-1049264939_icephys.nwb,33.6,62681db5-167d-4b20-83d0-50093408ec2f
1053301264,sub-1052597362/sub-1052597362_ses-1053301264_icephys.nwb,47.1,74e8757c-f0b5-4c3f-ba18-4ddb507d6685
1053315279,sub-1052597362/sub-1052597362_ses-1053315279_icephys.nwb,30.8,34c1c6b0-10db-4ef6-83ca-e37ba96105a1
1054186694,sub-1052597362/sub-1052597362_ses-1054186694_icephys.nwb,25.6,d601c102-0a63-47e5-937c-d2d71f6c22c2
1057811075,sub-1056763709/sub-1056763709_ses-1057811075_icephys.nwb,31.3,5303fb07-74a7-46da-a67b-555ff506a2ea
1057845854,sub-1056763709/sub-1056763709_ses-1057845854_icephys.nwb,54.5,e19a5f9f-e6b4-45c9-a738-428fd89ad6d0
1057879309,sub-1056763709/sub-1056763709_ses-1057879309_icephys.nwb,44.4,6ffc89f7-4818-434c-bbff-7430dfc88b34
1057891427,sub-1056763709/sub-1056763709_ses-1057891427_icephys.nwb,38.4,ef70e29a-fbd3-4f8f-9023-df31de8b5a2a
1057897691,sub-1056763709/sub-1056763709_ses-1057897691_icephys.nwb,28.8,2592c80e-9df9-4fc8-a18a-eb7fffb1c323
1058146468,sub-1056763709/sub-1056763709_ses-1058146468_icephys.nwb,43.2,4a27a983-49a1-4f1a-92c1-829c988ab98c
1058192742,sub-1056763709/sub-1056763709_ses-1058192742_icephys.nwb,43.9,f1f38fa1-92b9-47a4-bee8-d1e6afdf09cd
1059241097,sub-1058766119/sub-1058766119_ses-1059241097_icephys.nwb,42.4,5b2dd99d-4e4f-4596-a735-916d742a671e
1059245935,sub-1058766119/sub-1058766119_ses-1059245935_icephys.nwb,42.0,51a93089-6040-44b8-b313-c091e14c1d9c
1059677171,sub-1056763709/sub-1056763709_ses-1059677171_icephys.nwb,38.9,05982213-e729-4ea0-a3d4-2f8b2cd3a494
1059710151,sub-1056763709/sub-1056763709_ses-1059710151_icephys.nwb,42.4,39b8193b-8bc5-4e5e-a8f2-275fe6280d81
1059924731,sub-1056763709/sub-1056763709_ses-1059924731_icephys.nwb,53.1,6bbbd6ce-3170-4131-8b41-4b5dc288aff5
1060105395,sub-1058766119/sub-1058766119_ses-1060105395_icephys.nwb,62.2,5dcc25ec-f9b5-42c1-ae3a-a23f6ab8b1c0
1060125335,sub-1058766119/sub-1058766119_ses-1060125335_icephys.nwb,49.8,0eda5fed-0595-45e8-b2d1-c10551e82aed
1060128679,sub-1058766119/sub-1058766119_ses-1060128679_icephys.nwb,37.5,276cbb4f-0ce5-45a3-87fe-f6aa3e402ae0
1060130799,sub-1058766119/sub-1058766119_ses-1060130799_icephys.nwb,41.8,feb52493-0c0f-4a79-a0b9-030e73b7c639
1060138830,sub-1058766119/sub-1058766119_ses-1060138830_icephys.nwb,25.7,307c50dd-5e11-4412-b1bf-4da3362d36d6
1060152679,sub-1058766119/sub-1058766119_ses-1060152679_icephys.nwb,49.3,e695296a-d9e3-423e-ae13-64348e350e13
1060163328,sub-1058766119/sub-1058766119_ses-1060163328_icephys.nwb,47.1,4c0f5f42-d0ec-4e37-a84f-9bc05a3cf774
1060169090,sub-1058766119/sub-1058766119_ses-1060169090_icephys.nwb,41.5,3fad9a11-564b-43e0-8995-42fac51e562d
1061691036,sub-1058766119/sub-1058766119_ses-1061691036_icephys.nwb,27.2,af0ca0da-f9a9-4ff7-8ac0-a1ef72982dc0
1061696358,sub-1058766119/sub-1058766119_ses-1061696358_icephys.nwb,35.2,7bcab0bc-bea0-451b-92f2-0dab9654169a
1061720904,sub-1058766119/sub-1058766119_ses-1061720904_icephys.nwb,36.0,cd9b0694-0f54-42e6-874b-d76f2fac7141
1061726321,sub-1058766119/sub-1058766119_ses-1061726321_icephys.nwb,23.3,1e779f24-bc7f-4259-86c1-1835251d7a6b
1061737549,sub-1058766119/sub-1058766119_ses-1061737549_icephys.nwb,48.9,350e895a-e5db-4a4d-8b28-9916e6d35173
1065886088,sub-1064223281/sub-1064223281_ses-1065886088_icephys.nwb,34.1,8ff4308c-5437-4d77-9531-da39f5d51a7b
1065893886,sub-1064223281/sub-1064223281_ses-1065893886_icephys.nwb,38.4,01ed92c7-6461-486c-9e74-140e62ff5306
1065913171,sub-1064223281/sub-1064223281_ses-1065913171_icephys.nwb,30.0,3cfffbec-1e6a-4f57-ac21-068ce469b8fd
1065914773,sub-1064223281/sub-1064223281_ses-1065914773_icephys.nwb,45.4,0feb2f2d-2828-44f4-a25b-91c4de14aff7
1065922926,sub-1064223281/sub-1064223281_ses-1065922926_icephys.nwb,44.4,8a9a9bfc-95ea-48e6-a299-cfe2c5f0eab5
1065928212,sub-1064223281/sub-1064223281_ses-1065928212_icephys.nwb,38.1,b9acc8a1-89d4-463e-8141-18c12798b08a
1065936551,sub-1064223281/sub-1064223281_ses-1065936551_icephys.nwb,39.8,fc819500-73ff-4a4a-a94f-63dbf6b4634e
1065936638,sub-1064223281/sub-1064223281_ses-1065936638_icephys.nwb,31.1,b461222d-637c-46a5-9295-50b97cb5c248
1067582540,sub-1064223281/sub-1064223281_ses-1067582540_icephys.nwb,44.3,0480f1ab-cc4f-4256-b1c2-e1955306fefb
1067599440,sub-1064223281/sub-1064223281_ses-1067599440_icephys.nwb,56.4,5626ca37-94e7-4936-af5e-c64540b02c9d
1067604954,sub-1064223281/sub-1064223281_ses-1067604954_icephys.nwb,40.4,0973debd-b641-463d-8cf2-24ee64f6d6e2
1067615847,sub-1064223281/sub-1064223281_ses-1067615847_icephys.nwb,48.1,c072b111-e7fa-4941-a9e8-3d3ce1d7afa2
1067628226,sub-1064223281/sub-1064223281_ses-1067628226_icephys.nwb,55.1,f5fc91c2-fced-4a67-a9b1-57412ed82d37
1068967954,sub-1068001195/sub-1068001195_ses-1068967954_icephys.nwb,56.4,fecb9d92-6e2b-435e-aaf2-beb28bbff398
1069000159,sub-1068001195/sub-1068001195_ses-1069000159_icephys.nwb,36.4,e7003b1c-c588-4258-b18d-66af7e8aabbc
1069007530,sub-1068001195/sub-1068001195_ses-1069007530_icephys.nwb,35.6,af4dc2b3-7ef3-4086-b3cc-e53fc3b64dbc
1069013759,sub-1068001195/sub-1068001195_ses-1069013759_icephys.nwb,28.0,9f404aba-5fbd-462b-b738-36ecdb88b2bc
1069242291,sub-1067593183/sub-1067593183_ses-1069242291_icephys.nwb,51.2,13621601-6f27-46f4-b0df-343d13231531
1069247264,sub-1067593183/sub-1067593183_ses-1069247264_icephys.nwb,44.7,7aa4f964-0782-49dc-a942-c18dd2405314
1069256820,sub-1067593183/sub-1067593183_ses-1069256820_icephys.nwb,32.6,56720d41-fab9-48ea-a3db-65e87ad466c0
1069261412,sub-1067593183/sub-1067593183_ses-1069261412_icephys.nwb,39.1,cec7203b-69c6-40cd-a701-16bdb578cb33
1069274565,sub-1067593183/sub-1067593183_ses-1069274565_icephys.nwb,36.4,58216d89-c3c5-45e9-9ac9-6e8267cbd0aa
1069676135,sub-1068001195/sub-1068001195_ses-1069676135_icephys.nwb,42.7,7571f6ee-7851-452b-a751-d7c90e8fe440
1069681999,sub-1068001195/sub-1068001195_ses-1069681999_icephys.nwb,49.1,d7d9e4d0-820f-4061-95a9-c4b73f654be8
1069699788,sub-1068001195/sub-1068001195_ses-1069699788_icephys.nwb,36.7,4fd42f64-8740-401d-96b5-1ec2ad657a12
1069706289,sub-1068001195/sub-1068001195_ses-1069706289_icephys.nwb,34.0,bd439c3a-a7c9-4acf-a600-0b6139e232b5
1069738009,sub-1068001195/sub-1068001195_ses-1069738009_icephys.nwb,48.2,ef8e4ade-3964-41d9-9e56-d78a32740668
1069754067,sub-1068001195/sub-1068001195_ses-1069754067_icephys.nwb,45.4,98ce14aa-a7b1-466e-bd9e-a3178a6d9b72
1069767138,sub-1068001195/sub-1068001195_ses-1069767138_icephys.nwb,32.5,4e825416-b7fe-4788-a9be-23ff784d8043
1072170441,sub-1071318215/sub-1071318215_ses-1072170441_icephys.nwb,83.7,954c654a-a11a-4566-beb9-a4e38317801d
1076084816,sub-1075344016/sub-1075344016_ses-1076084816_icephys.nwb,41.9,51cd63b2-fec9-4fb6-b3cb-8ff567aadd2b
1076094125,sub-1075344016/sub-1075344016_ses-1076094125_icephys.nwb,43.8,f662e925-d5da-4cf0-a3d9-2ba050d24fa5
1076106423,sub-1075344016/sub-1075344016_ses-1076106423_icephys.nwb,33.1,9e9ac9d6-2695-447b-9426-dcae3b6c4b8e
1076124381,sub-1075344016/sub-1075344016_ses-1076124381_icephys.nwb,60.6,0506d50d-1486-4fcf-b314-386ac5e24387
1076129743,sub-1075344016/sub-1075344016_ses-1076129743_icephys.nwb,44.5,03e16e27-588c-4d6e-aa36-c5e9f758d9f9
1076647013,sub-1075344016/sub-1075344016_ses-1076647013_icephys.nwb,34.0,1a28a37d-f003-4641-84ad-939e50752fbf
1077530458,sub-1075906058/sub-1075906058_ses-1077530458_icephys.nwb,33.0,e529bbfd-697d-492a-84c5-eafd22f03a64
1077533543,sub-1075906058/sub-1075906058_ses-1077533543_icephys.nwb,34.4,83bec620-386d-4ffd-bd33-e37be80f3b10
1079573610,sub-1078812471/sub-1078812471_ses-1079573610_icephys.nwb,35.1,b4591610-5b24-45d6-a8fe-1684306f971f
1080588510,sub-1078812471/sub-1078812471_ses-1080588510_icephys.nwb,41.4,b0e6bb7c-868c-49fd-9dd0-7d089d7f96e6
1080613603,sub-1078812471/sub-1078812471_ses-1080613603_icephys.nwb,30.1,1c949cb6-2364-47b3-a856-45572d03cab6
1086233100,sub-1084222307/sub-1084222307_ses-1086233100_icephys.nwb,29.1,71998ae6-ba95-47e7-9d32-c1847775a97e
1086237033,sub-1084222307/sub-1084222307_ses-1086237033_icephys.nwb,23.4,b26707ae-271b-44c4-93f8-ddbf0c1f090f
1089078076,sub-1089025641/sub-1089025641_ses-1089078076_icephys.nwb,36.4,f3d6c9c4-910c-457a-be59-d1990874b0c7
1103632304,sub-1102806080/sub-1102806080_ses-1103632304_icephys.nwb,48.8,38338ebf-c32b-4641-b5fa-aeab895593d9
1103641471,sub-1102806080/sub-1102806080_ses-1103641471_icephys.nwb,24.2,021f6fcc-b438-4e39-84f1-6466375b0db7
1104092216,sub-1102847412/sub-1102847412_ses-1104092216_icephys.nwb,38.7,8e214c62-de8b-48bb-8185-1b0198f0a4ed
1041081536,sub-1039120564/sub-1039120564_ses-1041081536_icephys.nwb,30.0,c80896bb-19b6-4803-ad24-6b256e945cd5
1067605454,sub-1064223281/sub-1064223281_ses-1067605454_icephys.nwb,64.3,c9a2485a-3492-48db-82e4-f5e22371c5ff
1069216334,sub-1067593183/sub-1067593183_ses-1069216334_icephys.nwb,49.0,3e518d90-b8f8-4455-8d23-217b8c3f7954
1079568103,sub-1078812471/sub-1078812471_ses-1079568103_icephys.nwb,31.3,22de471c-2b0e-45ff-94ea-cc6e81b27bbc
685821046,sub-685740095/sub-685740095_ses-685821046_icephys.nwb,49.1,93461cf3-b0d4-4412-89ad-f2ebf776eda9
689360052,sub-689168779/sub-689168779_ses-689360052_icephys.nwb,51.4,a0587ded-f4b4-404d-ba4b-e46ada18f3f6
797047730,sub-793165711/sub-793165711_ses-797047730_icephys.nwb,30.4,b6088ff8-d1f0-4f4b-b5e1-755c203ca9bb
839239538,sub-837533189/sub-837533189_ses-839239538_icephys.nwb,22.0,570109a0-73f1-4782-9e42-f7cc4fe35a2b
848672017,sub-846404050/sub-846404050_ses-848672017_icephys.nwb,20.5,3cec45a9-ad20-4a55-8d78-b7123dcea01a
