specimen_id,dandi_path,dandiset
636982263,sub-636948822/sub-636948822_ses-636982248_icephys.nwb,000636
636991760,sub-636948822/sub-636948822_ses-636991746_icephys.nwb,000636
642857999,sub-642843699/sub-642843699_ses-642857917_icephys.nwb,000636
642966524,sub-642843699/sub-642843699_ses-642966460_icephys.nwb,000636
643397120,sub-643277950/sub-643277950_ses-643397107_icephys.nwb,000636
643583126,sub-643488707/sub-643488707_ses-643583112_icephys.nwb,000636
643599478,sub-643488707/sub-643488707_ses-643599465_icephys.nwb,000636
645081058,sub-645077860/sub-645077860_ses-645081045_icephys.nwb,000636
650074256,sub-648220984/sub-648220984_ses-650074243_icephys.nwb,000636
650074908,sub-648220984/sub-648220984_ses-650074894_icephys.nwb,000636
650076320,sub-648220984/sub-648220984_ses-650076307_icephys.nwb,000636
650077366,sub-648220984/sub-648220984_ses-650077353_icephys.nwb,000636
652068634,sub-651940947/sub-651940947_ses-652068601_icephys.nwb,000636
652069520,sub-651940947/sub-651940947_ses-652069484_icephys.nwb,000636
652079904,sub-651940947/sub-651940947_ses-652079886_icephys.nwb,000636
652080528,sub-651940947/sub-651940947_ses-652080515_icephys.nwb,000636
652080800,sub-651940947/sub-651940947_ses-652080787_icephys.nwb,000636
653041052,sub-653027578/sub-653027578_ses-653041039_icephys.nwb,000636
653044261,sub-653027578/sub-653027578_ses-653043901_icephys.nwb,000636
653810390,sub-653718968/sub-653718968_ses-653810366_icephys.nwb,000636
653857614,sub-653718968/sub-653718968_ses-653857502_icephys.nwb,000636
654115779,sub-653718968/sub-653718968_ses-654115429_icephys.nwb,000636
656933853,sub-656856430/sub-656856430_ses-656933822_icephys.nwb,000636
665718254,sub-665691251/sub-665691251_ses-665718232_icephys.nwb,000636
666068044,sub-665691251/sub-665691251_ses-666067870_icephys.nwb,000636
666108837,sub-665691251/sub-665691251_ses-666108636_icephys.nwb,000636
672646211,sub-672637567/sub-672637567_ses-672646198_icephys.nwb,000636
672647809,sub-672637567/sub-672637567_ses-672647796_icephys.nwb,000636
672655512,sub-672637567/sub-672637567_ses-672655499_icephys.nwb,000636
674643133,sub-674562997/sub-674562997_ses-674643120_icephys.nwb,000636
674650150,sub-674562997/sub-674562997_ses-674649969_icephys.nwb,000636
674650727,sub-674562997/sub-674562997_ses-674650714_icephys.nwb,000636
676476879,sub-676285262/sub-676285262_ses-676476866_icephys.nwb,000636
677017776,sub-676839274/sub-676839274_ses-677017437_icephys.nwb,000636
677036261,sub-676839274/sub-676839274_ses-677036151_icephys.nwb,000636
685766680,sub-685740095/sub-685740095_ses-685766667_icephys.nwb,000636
685777908,sub-685740095/sub-685740095_ses-685777894_icephys.nwb,000636
685780246,sub-685740095/sub-685740095_ses-685780148_icephys.nwb,000636
685790763,sub-685740095/sub-685740095_ses-685790739_icephys.nwb,000636
685806972,sub-685740095/sub-685740095_ses-685806959_icephys.nwb,000636
685821031,sub-685740095/sub-685740095_ses-685820986_icephys.nwb,000636
689304924,sub-689168779/sub-689168779_ses-689304911_icephys.nwb,000636
689306781,sub-689168779/sub-689168779_ses-689306767_icephys.nwb,000636
689319155,sub-689168779/sub-689168779_ses-689319138_icephys.nwb,000636
689331391,sub-689168779/sub-689168779_ses-689331378_icephys.nwb,000636
695505884,sub-695464588/sub-695464588_ses-695505871_icephys.nwb,000636
695574273,sub-695464588/sub-695464588_ses-695574251_icephys.nwb,000636
695574463,sub-695464588/sub-695464588_ses-695574450_icephys.nwb,000636
695576037,sub-695464588/sub-695464588_ses-695576011_icephys.nwb,000636
695576844,sub-695464588/sub-695464588_ses-695576826_icephys.nwb,000636
696101868,sub-695464588/sub-695464588_ses-696101784_icephys.nwb,000636
696102888,sub-695464588/sub-695464588_ses-696102803_icephys.nwb,000636
696108575,sub-695464588/sub-695464588_ses-696108448_icephys.nwb,000636
699822091,sub-699761589/sub-699761589_ses-699822042_icephys.nwb,000636
700801541,sub-700619648/sub-700619648_ses-700801427_icephys.nwb,000636
700809933,sub-700619648/sub-700619648_ses-700809823_icephys.nwb,000636
700810175,sub-700619648/sub-700619648_ses-700810019_icephys.nwb,000636
700822034,sub-700619648/sub-700619648_ses-700822010_icephys.nwb,000636
700858446,sub-700619648/sub-700619648_ses-700858340_icephys.nwb,000636
700917476,sub-700619648/sub-700619648_ses-700917273_icephys.nwb,000636
700937347,sub-700619648/sub-700619648_ses-700937096_icephys.nwb,000636
701072075,sub-700619648/sub-700619648_ses-701072050_icephys.nwb,000636
707795387,sub-707724503/sub-707724503_ses-707795272_icephys.nwb,000636
707802235,sub-707724503/sub-707724503_ses-707801925_icephys.nwb,000636
707837795,sub-707724503/sub-707724503_ses-707837682_icephys.nwb,000636
712866937,sub-712700908/sub-712700908_ses-712866792_icephys.nwb,000636
712906138,sub-712700908/sub-712700908_ses-712906079_icephys.nwb,000636
712915668,sub-712700908/sub-712700908_ses-712915603_icephys.nwb,000636
717044970,sub-716866594/sub-716866594_ses-717044861_icephys.nwb,000636
720835661,sub-720619787/sub-720619787_ses-720835554_icephys.nwb,000636
720840394,sub-720619787/sub-720619787_ses-720840334_icephys.nwb,000636
720840496,sub-720619787/sub-720619787_ses-720840441_icephys.nwb,000636
720841879,sub-720619787/sub-720619787_ses-720841777_icephys.nwb,000636
720868672,sub-720619787/sub-720619787_ses-720868659_icephys.nwb,000636
720870951,sub-720619787/sub-720619787_ses-720870938_icephys.nwb,000636
720881002,sub-720619787/sub-720619787_ses-720880989_icephys.nwb,000636
720885760,sub-720619787/sub-720619787_ses-720885747_icephys.nwb,000636
720886430,sub-720619787/sub-720619787_ses-720886417_icephys.nwb,000636
721231269,sub-720619787/sub-720619787_ses-721231135_icephys.nwb,000636
721284816,sub-720619787/sub-720619787_ses-721284681_icephys.nwb,000636
721625858,sub-720619787/sub-720619787_ses-721625535_icephys.nwb,000636
727398063,sub-727391446/sub-727391446_ses-727398050_icephys.nwb,000636
732049175,sub-731978186/sub-731978186_ses-732048836_icephys.nwb,000636
732058780,sub-731978186/sub-731978186_ses-732058767_icephys.nwb,000636
732096625,sub-731978186/sub-731978186_ses-732096400_icephys.nwb,000636
732105067,sub-731978186/sub-731978186_ses-732105053_icephys.nwb,000636
732115399,sub-731978186/sub-731978186_ses-732115383_icephys.nwb,000636
732127116,sub-731978186/sub-731978186_ses-732127099_icephys.nwb,000636
732141043,sub-731978186/sub-731978186_ses-732141029_icephys.nwb,000636
732151679,sub-731978186/sub-731978186_ses-732151663_icephys.nwb,000636
732151711,sub-731978186/sub-731978186_ses-732151698_icephys.nwb,000636
732162932,sub-731978186/sub-731978186_ses-732162916_icephys.nwb,000636
732171906,sub-731978186/sub-731978186_ses-732171893_icephys.nwb,000636
732592325,sub-731978186/sub-731978186_ses-732592126_icephys.nwb,000636
732796127,sub-731978186/sub-731978186_ses-732796111_icephys.nwb,000636
732797657,sub-731978186/sub-731978186_ses-732796148_icephys.nwb,000636
734995812,sub-731978186/sub-731978186_ses-734995561_icephys.nwb,000636
737082707,sub-736890023/sub-736890023_ses-737082393_icephys.nwb,000636
737159000,sub-736890023/sub-736890023_ses-737158770_icephys.nwb,000636
737548051,sub-737373545/sub-737373545_ses-737548009_icephys.nwb,000636
737549021,sub-737373545/sub-737373545_ses-737549006_icephys.nwb,000636
737549661,sub-737373545/sub-737373545_ses-737549646_icephys.nwb,000636
737549830,sub-737373545/sub-737373545_ses-737549815_icephys.nwb,000636
737553506,sub-737373545/sub-737373545_ses-737553491_icephys.nwb,000636
737792547,sub-737373545/sub-737373545_ses-737791768_icephys.nwb,000636
737840287,sub-737373545/sub-737373545_ses-737840111_icephys.nwb,000636
737933862,sub-737373545/sub-737373545_ses-737933847_icephys.nwb,000636
738006528,sub-737373545/sub-737373545_ses-738006440_icephys.nwb,000636
740650106,sub-736890023/sub-736890023_ses-740649886_icephys.nwb,000636
751208741,sub-750786644/sub-750786644_ses-751208631_icephys.nwb,000636
758286002,sub-758233315/sub-758233315_ses-758285987_icephys.nwb,000636
758287240,sub-758233315/sub-758233315_ses-758287092_icephys.nwb,000636
758308097,sub-758233315/sub-758233315_ses-758308076_icephys.nwb,000636
758308134,sub-758233315/sub-758233315_ses-758308113_icephys.nwb,000636
758315719,sub-758233315/sub-758233315_ses-758315706_icephys.nwb,000636
758654453,sub-758233315/sub-758233315_ses-758653998_icephys.nwb,000636
758889361,sub-758233315/sub-758233315_ses-758889296_icephys.nwb,000636
758924009,sub-758233315/sub-758233315_ses-758923864_icephys.nwb,000636
758978303,sub-758233315/sub-758233315_ses-758978200_icephys.nwb,000636
758996755,sub-758233315/sub-758233315_ses-758996702_icephys.nwb,000636
759263650,sub-750786644/sub-750786644_ses-759263587_icephys.nwb,000636
760004944,sub-759979832/sub-759979832_ses-760004921_icephys.nwb,000636
760008335,sub-759979832/sub-759979832_ses-760008240_icephys.nwb,000636
760011302,sub-759979832/sub-759979832_ses-760011285_icephys.nwb,000636
760016220,sub-759979832/sub-759979832_ses-760016169_icephys.nwb,000636
760398902,sub-760110174/sub-760110174_ses-760398865_icephys.nwb,000636
760475311,sub-760110174/sub-760110174_ses-760475053_icephys.nwb,000636
760672706,sub-758233315/sub-758233315_ses-760672642_icephys.nwb,000636
760677048,sub-758233315/sub-758233315_ses-760676996_icephys.nwb,000636
760937460,sub-758233315/sub-758233315_ses-760937374_icephys.nwb,000636
760944994,sub-758233315/sub-758233315_ses-760944910_icephys.nwb,000636
766787545,sub-766758349/sub-766758349_ses-766787512_icephys.nwb,000636
766789211,sub-766758349/sub-766758349_ses-766789198_icephys.nwb,000636
766790520,sub-766758349/sub-766758349_ses-766790506_icephys.nwb,000636
766791643,sub-766758349/sub-766758349_ses-766791630_icephys.nwb,000636
766984328,sub-766758349/sub-766758349_ses-766983957_icephys.nwb,000636
767084655,sub-766758349/sub-766758349_ses-767084283_icephys.nwb,000636
767428165,sub-767377358/sub-767377358_ses-767428117_icephys.nwb,000636
767801031,sub-767377358/sub-767377358_ses-767800905_icephys.nwb,000636
768876954,sub-768678784/sub-768678784_ses-768876927_icephys.nwb,000636
768896551,sub-768678784/sub-768678784_ses-768896509_icephys.nwb,000636
770249617,sub-770227957/sub-770227957_ses-770249578_icephys.nwb,000636
770249934,sub-770227957/sub-770227957_ses-770249912_icephys.nwb,000636
770275450,sub-770227957/sub-770227957_ses-770275397_icephys.nwb,000636
770330029,sub-770227957/sub-770227957_ses-770329854_icephys.nwb,000636
770432758,sub-770227957/sub-770227957_ses-770432738_icephys.nwb,000636
770432825,sub-770227957/sub-770227957_ses-770432788_icephys.nwb,000636
770559860,sub-770227957/sub-770227957_ses-770559733_icephys.nwb,000636
770622754,sub-770227957/sub-770227957_ses-770622741_icephys.nwb,000636
774394292,sub-774230643/sub-774230643_ses-774394206_icephys.nwb,000636
783625419,sub-783453365/sub-783453365_ses-783625394_icephys.nwb,000636
783677233,sub-783453365/sub-783453365_ses-783677214_icephys.nwb,000636
783683319,sub-783453365/sub-783453365_ses-783683300_icephys.nwb,000636
785369576,sub-783453365/sub-783453365_ses-785369493_icephys.nwb,000636
786434165,sub-786359945/sub-786359945_ses-786434144_icephys.nwb,000636
786447528,sub-786359945/sub-786359945_ses-786447500_icephys.nwb,000636
786474395,sub-786359945/sub-786359945_ses-786474369_icephys.nwb,000636
793395012,sub-793165711/sub-793165711_ses-793394883_icephys.nwb,000636
793406223,sub-793165711/sub-793165711_ses-793406131_icephys.nwb,000636
793428612,sub-793165711/sub-793165711_ses-793428505_icephys.nwb,000636
793439698,sub-793165711/sub-793165711_ses-793439465_icephys.nwb,000636
793461202,sub-793165711/sub-793165711_ses-793461054_icephys.nwb,000636
793601869,sub-793165711/sub-793165711_ses-793601795_icephys.nwb,000636
793604806,sub-793165711/sub-793165711_ses-793604699_icephys.nwb,000636
793650494,sub-793165711/sub-793165711_ses-793650421_icephys.nwb,000636
793689903,sub-793165711/sub-793165711_ses-793689834_icephys.nwb,000636
794171773,sub-793165711/sub-793165711_ses-794171529_icephys.nwb,000636
794208287,sub-793165711/sub-793165711_ses-794207904_icephys.nwb,000636
794266309,sub-793165711/sub-793165711_ses-794266248_icephys.nwb,000636
794295982,sub-793165711/sub-793165711_ses-794295941_icephys.nwb,000636
794333856,sub-793165711/sub-793165711_ses-794333838_icephys.nwb,000636
794336381,sub-793165711/sub-793165711_ses-794336361_icephys.nwb,000636
797954068,sub-797676582/sub-797676582_ses-797953286_icephys.nwb,000636
798009057,sub-797676582/sub-797676582_ses-798008836_icephys.nwb,000636
798049371,sub-797676582/sub-797676582_ses-798048902_icephys.nwb,000636
798146244,sub-797676582/sub-797676582_ses-798146020_icephys.nwb,000636
798199100,sub-797676582/sub-797676582_ses-798199041_icephys.nwb,000636
798210021,sub-797676582/sub-797676582_ses-798209948_icephys.nwb,000636
798297403,sub-797676582/sub-797676582_ses-798297332_icephys.nwb,000636
798321613,sub-797676582/sub-797676582_ses-798321505_icephys.nwb,000636
798332264,sub-797676582/sub-797676582_ses-798332188_icephys.nwb,000636
798337212,sub-797676582/sub-797676582_ses-798337169_icephys.nwb,000636
798349885,sub-797676582/sub-797676582_ses-798349842_icephys.nwb,000636
798866927,sub-797676582/sub-797676582_ses-798866690_icephys.nwb,000636
799031221,sub-793165711/sub-793165711_ses-799031059_icephys.nwb,000636
799058041,sub-793165711/sub-793165711_ses-799057801_icephys.nwb,000636
805734698,sub-805678822/sub-805678822_ses-805734675_icephys.nwb,000636
805772880,sub-805678822/sub-805678822_ses-805772853_icephys.nwb,000636
811984547,sub-811677083/sub-811677083_ses-811984526_icephys.nwb,000636
812559970,sub-811677083/sub-811677083_ses-812559845_icephys.nwb,000636
819074590,sub-813352040/sub-813352040_ses-819074421_icephys.nwb,000636
819106998,sub-813352040/sub-813352040_ses-819106777_icephys.nwb,000636
819116654,sub-813352040/sub-813352040_ses-819116462_icephys.nwb,000636
819133824,sub-813352040/sub-813352040_ses-819133336_icephys.nwb,000636
819166048,sub-813352040/sub-813352040_ses-819165835_icephys.nwb,000636
819177874,sub-813352040/sub-813352040_ses-819177656_icephys.nwb,000636
819185246,sub-813352040/sub-813352040_ses-819185113_icephys.nwb,000636
819191383,sub-813352040/sub-813352040_ses-819191225_icephys.nwb,000636
819194697,sub-813352040/sub-813352040_ses-819194539_icephys.nwb,000636
819197541,sub-813352040/sub-813352040_ses-819197395_icephys.nwb,000636
819200626,sub-813352040/sub-813352040_ses-819200423_icephys.nwb,000636
819206421,sub-813352040/sub-813352040_ses-819206225_icephys.nwb,000636
819209252,sub-813352040/sub-813352040_ses-819209049_icephys.nwb,000636
819211417,sub-813352040/sub-813352040_ses-819211268_icephys.nwb,000636
819213795,sub-813352040/sub-813352040_ses-819213646_icephys.nwb,000636
819219148,sub-813352040/sub-813352040_ses-819218991_icephys.nwb,000636
819221461,sub-813352040/sub-813352040_ses-819221250_icephys.nwb,000636
819223815,sub-813352040/sub-813352040_ses-819223620_icephys.nwb,000636
819226453,sub-813352040/sub-813352040_ses-819226251_icephys.nwb,000636
819229114,sub-813352040/sub-813352040_ses-819228933_icephys.nwb,000636
819770858,sub-819522395/sub-819522395_ses-819770635_icephys.nwb,000636
819891764,sub-819522395/sub-819522395_ses-819891491_icephys.nwb,000636
819983199,sub-819522395/sub-819522395_ses-819983003_icephys.nwb,000636
820022943,sub-819522395/sub-819522395_ses-820022494_icephys.nwb,000636
820061176,sub-819522395/sub-819522395_ses-820061071_icephys.nwb,000636
832504813,sub-832340431/sub-832340431_ses-832504720_icephys.nwb,000636
832691277,sub-832340431/sub-832340431_ses-832691191_icephys.nwb,000636
833784899,sub-832340431/sub-832340431_ses-833784647_icephys.nwb,000636
835673569,sub-835477230/sub-835477230_ses-835673539_icephys.nwb,000636
835674226,sub-835477230/sub-835477230_ses-835674199_icephys.nwb,000636
835727112,sub-835477230/sub-835477230_ses-835727090_icephys.nwb,000636
835730404,sub-835477230/sub-835477230_ses-835730310_icephys.nwb,000636
839223810,sub-837533189/sub-837533189_ses-839223718_icephys.nwb,000636
839931743,sub-839796862/sub-839796862_ses-839931440_icephys.nwb,000636
839996661,sub-839796862/sub-839796862_ses-839996579_icephys.nwb,000636
840113155,sub-839796862/sub-839796862_ses-840113066_icephys.nwb,000636
847678482,sub-846404050/sub-846404050_ses-847678242_icephys.nwb,000636
847865431,sub-846404050/sub-846404050_ses-847770178_icephys.nwb,000636
847875155,sub-846404050/sub-846404050_ses-847865279_icephys.nwb,000636
847908829,sub-846404050/sub-846404050_ses-847895793_icephys.nwb,000636
847946572,sub-846404050/sub-846404050_ses-847940469_icephys.nwb,000636
847970074,sub-846404050/sub-846404050_ses-847970008_icephys.nwb,000636
848348663,sub-846404050/sub-846404050_ses-848348427_icephys.nwb,000636
848390194,sub-846404050/sub-846404050_ses-848389940_icephys.nwb,000636
848565246,sub-846404050/sub-846404050_ses-848565133_icephys.nwb,000636
848586232,sub-846404050/sub-846404050_ses-848586183_icephys.nwb,000636
848590512,sub-846404050/sub-846404050_ses-848590489_icephys.nwb,000636
848610436,sub-846404050/sub-846404050_ses-848610365_icephys.nwb,000636
848627837,sub-846404050/sub-846404050_ses-848627815_icephys.nwb,000636
848629140,sub-846404050/sub-846404050_ses-848629111_icephys.nwb,000636
848632825,sub-846404050/sub-846404050_ses-848632801_icephys.nwb,000636
848636884,sub-846404050/sub-846404050_ses-848636862_icephys.nwb,000636
848653390,sub-846404050/sub-846404050_ses-848653368_icephys.nwb,000636
848656903,sub-846404050/sub-846404050_ses-848656880_icephys.nwb,000636
848680984,sub-846404050/sub-846404050_ses-848680960_icephys.nwb,000636
850885982,sub-849052252/sub-849052252_ses-850885881_icephys.nwb,000636
850917000,sub-849052252/sub-849052252_ses-850916851_icephys.nwb,000636
851002859,sub-849052252/sub-849052252_ses-851002801_icephys.nwb,000636
851673843,sub-849052252/sub-849052252_ses-851673495_icephys.nwb,000636
851688895,sub-849052252/sub-849052252_ses-851688593_icephys.nwb,000636
851708413,sub-849052252/sub-849052252_ses-851708174_icephys.nwb,000636
851806039,sub-849052252/sub-849052252_ses-851805908_icephys.nwb,000636
851826399,sub-849052252/sub-849052252_ses-851826230_icephys.nwb,000636
851853053,sub-849052252/sub-849052252_ses-851852960_icephys.nwb,000636
851866268,sub-849052252/sub-849052252_ses-851866160_icephys.nwb,000636
851881655,sub-849052252/sub-849052252_ses-851881593_icephys.nwb,000636
851890361,sub-849052252/sub-849052252_ses-851890102_icephys.nwb,000636
852425518,sub-852238534/sub-852238534_ses-852425401_icephys.nwb,000636
852461731,sub-852238534/sub-852238534_ses-852461641_icephys.nwb,000636
852537511,sub-849052252/sub-849052252_ses-852537319_icephys.nwb,000636
852543441,sub-852238534/sub-852238534_ses-852543403_icephys.nwb,000636
852555942,sub-849052252/sub-849052252_ses-852555856_icephys.nwb,000636
852568749,sub-849052252/sub-849052252_ses-852568572_icephys.nwb,000636
852636321,sub-849052252/sub-849052252_ses-852636209_icephys.nwb,000636
852652659,sub-849052252/sub-849052252_ses-852652585_icephys.nwb,000636
853039594,sub-852318897/sub-852318897_ses-853039338_icephys.nwb,000636
854632949,sub-854418264/sub-854418264_ses-854632863_icephys.nwb,000636
854665264,sub-854418264/sub-854418264_ses-854665238_icephys.nwb,000636
855286341,sub-852318897/sub-852318897_ses-855286252_icephys.nwb,000636
855295776,sub-852318897/sub-852318897_ses-855295564_icephys.nwb,000636
855332601,sub-852318897/sub-852318897_ses-855332413_icephys.nwb,000636
855337049,sub-852318897/sub-852318897_ses-855336885_icephys.nwb,000636
855449013,sub-852318897/sub-852318897_ses-855448990_icephys.nwb,000636
855460302,sub-852318897/sub-852318897_ses-855460170_icephys.nwb,000636
855465998,sub-852318897/sub-852318897_ses-855465977_icephys.nwb,000636
855481765,sub-852318897/sub-852318897_ses-855481744_icephys.nwb,000636
855488261,sub-852318897/sub-852318897_ses-855488235_icephys.nwb,000636
855540802,sub-852318897/sub-852318897_ses-855540734_icephys.nwb,000636
855760595,sub-852318897/sub-852318897_ses-855760459_icephys.nwb,000636
855775470,sub-852318897/sub-852318897_ses-855775198_icephys.nwb,000636
855783147,sub-852318897/sub-852318897_ses-855783043_icephys.nwb,000636
855805410,sub-852318897/sub-852318897_ses-855805103_icephys.nwb,000636
855827363,sub-852318897/sub-852318897_ses-855827092_icephys.nwb,000636
855884510,sub-852318897/sub-852318897_ses-855884204_icephys.nwb,000636
855895385,sub-852318897/sub-852318897_ses-855895054_icephys.nwb,000636
855932150,sub-854418264/sub-854418264_ses-855931880_icephys.nwb,000636
855950666,sub-854418264/sub-854418264_ses-855950383_icephys.nwb,000636
855960282,sub-854418264/sub-854418264_ses-855960160_icephys.nwb,000636
855966565,sub-854418264/sub-854418264_ses-855966390_icephys.nwb,000636
855973761,sub-854418264/sub-854418264_ses-855973613_icephys.nwb,000636
856015279,sub-854418264/sub-854418264_ses-856015250_icephys.nwb,000636
856026313,sub-854418264/sub-854418264_ses-856026284_icephys.nwb,000636
856243521,sub-854418264/sub-854418264_ses-856243319_icephys.nwb,000636
856257389,sub-854418264/sub-854418264_ses-856257185_icephys.nwb,000636
856271302,sub-854418264/sub-854418264_ses-856271129_icephys.nwb,000636
856284680,sub-854418264/sub-854418264_ses-856284517_icephys.nwb,000636
856297333,sub-854418264/sub-854418264_ses-856297122_icephys.nwb,000636
856298292,sub-854418264/sub-854418264_ses-856298141_icephys.nwb,000636
856304468,sub-854418264/sub-854418264_ses-856304448_icephys.nwb,000636
857469397,sub-857183962/sub-857183962_ses-857469215_icephys.nwb,000636
857568600,sub-857183962/sub-857183962_ses-857568495_icephys.nwb,000636
857580777,sub-857183962/sub-857183962_ses-857580744_icephys.nwb,000636
857618578,sub-857183962/sub-857183962_ses-857618483_icephys.nwb,000636
857674899,sub-857183962/sub-857183962_ses-857674873_icephys.nwb,000636
857679106,sub-857183962/sub-857183962_ses-857679080_icephys.nwb,000636
864063259,sub-861697826/sub-861697826_ses-864063186_icephys.nwb,000636
864072789,sub-861697826/sub-861697826_ses-864072643_icephys.nwb,000636
867999739,sub-867677402/sub-867677402_ses-867999662_icephys.nwb,000636
868073962,sub-867677402/sub-867677402_ses-868073555_icephys.nwb,000636
868106617,sub-867677402/sub-867677402_ses-868106479_icephys.nwb,000636
868110130,sub-867677402/sub-867677402_ses-868109850_icephys.nwb,000636
868124993,sub-867677402/sub-867677402_ses-868124858_icephys.nwb,000636
868145983,sub-867677402/sub-867677402_ses-868145850_icephys.nwb,000636
868168862,sub-867677402/sub-867677402_ses-868168635_icephys.nwb,000636
868240930,sub-868104622/sub-868104622_ses-868240696_icephys.nwb,000636
872139724,sub-867677402/sub-867677402_ses-872139487_icephys.nwb,000636
873757081,sub-871554083/sub-871554083_ses-873756822_icephys.nwb,000636
873779709,sub-871554083/sub-871554083_ses-873779439_icephys.nwb,000636
873805878,sub-871554083/sub-871554083_ses-873805567_icephys.nwb,000636
873817757,sub-871554083/sub-871554083_ses-873817347_icephys.nwb,000636
875386070,sub-871554083/sub-871554083_ses-875385912_icephys.nwb,000636
875493779,sub-871554083/sub-871554083_ses-875493592_icephys.nwb,000636
880361489,sub-879881396/sub-879881396_ses-880361454_icephys.nwb,000636
880506793,sub-879881396/sub-879881396_ses-880506499_icephys.nwb,000636
880702491,sub-879881396/sub-879881396_ses-880702290_icephys.nwb,000636
886367811,sub-879881396/sub-879881396_ses-886367592_icephys.nwb,000636
886414560,sub-879881396/sub-879881396_ses-886414486_icephys.nwb,000636
886539074,sub-879881396/sub-879881396_ses-886538790_icephys.nwb,000636
886544038,sub-879881396/sub-879881396_ses-886543948_icephys.nwb,000636
886547084,sub-879881396/sub-879881396_ses-886546999_icephys.nwb,000636
886973131,sub-879881396/sub-879881396_ses-886972967_icephys.nwb,000636
887128117,sub-879881396/sub-879881396_ses-887127366_icephys.nwb,000636
889746171,sub-889628154/sub-889628154_ses-889746152_icephys.nwb,000636
889748403,sub-889628154/sub-889628154_ses-889748381_icephys.nwb,000636
889775063,sub-889628154/sub-889628154_ses-889775041_icephys.nwb,000636
889787076,sub-889628154/sub-889628154_ses-889787048_icephys.nwb,000636
893412652,sub-889628154/sub-889628154_ses-893412281_icephys.nwb,000636
893455915,sub-889628154/sub-889628154_ses-893455729_icephys.nwb,000636
893462603,sub-889628154/sub-889628154_ses-893462401_icephys.nwb,000636
893503755,sub-889628154/sub-889628154_ses-893503498_icephys.nwb,000636
893540979,sub-889628154/sub-889628154_ses-893540617_icephys.nwb,000636
893586875,sub-889628154/sub-889628154_ses-893586737_icephys.nwb,000636
893605869,sub-889628154/sub-889628154_ses-893605727_icephys.nwb,000636
893606027,sub-889628154/sub-889628154_ses-893605923_icephys.nwb,000636
893647190,sub-889628154/sub-889628154_ses-893647118_icephys.nwb,000636
893655882,sub-889628154/sub-889628154_ses-893655610_icephys.nwb,000636
893695351,sub-889628154/sub-889628154_ses-893695140_icephys.nwb,000636
893714311,sub-889628154/sub-889628154_ses-893714075_icephys.nwb,000636
893734690,sub-889628154/sub-889628154_ses-893734485_icephys.nwb,000636
893758012,sub-889628154/sub-889628154_ses-893757808_icephys.nwb,000636
894198050,sub-889628154/sub-889628154_ses-894197334_icephys.nwb,000636
894360289,sub-889628154/sub-889628154_ses-894359999_icephys.nwb,000636
894438630,sub-889628154/sub-889628154_ses-894438284_icephys.nwb,000636
894467531,sub-889628154/sub-889628154_ses-894467405_icephys.nwb,000636
894528079,sub-889628154/sub-889628154_ses-894527549_icephys.nwb,000636
894610619,sub-889628154/sub-889628154_ses-894610493_icephys.nwb,000636
902457561,sub-902323111/sub-902323111_ses-902457463_icephys.nwb,000636
902461498,sub-902323111/sub-902323111_ses-902461473_icephys.nwb,000636
902463141,sub-902323111/sub-902323111_ses-902463004_icephys.nwb,000636
902477903,sub-902323111/sub-902323111_ses-902477749_icephys.nwb,000636
902536497,sub-902323111/sub-902323111_ses-902536395_icephys.nwb,000636
906533095,sub-902323111/sub-902323111_ses-906532834_icephys.nwb,000636
906568741,sub-902323111/sub-902323111_ses-906568513_icephys.nwb,000636
906692869,sub-902323111/sub-902323111_ses-906692646_icephys.nwb,000636
906709265,sub-902323111/sub-902323111_ses-906709021_icephys.nwb,000636
906733412,sub-902323111/sub-902323111_ses-906733228_icephys.nwb,000636
906766526,sub-902323111/sub-902323111_ses-906766343_icephys.nwb,000636
906781486,sub-902323111/sub-902323111_ses-906781170_icephys.nwb,000636
907145156,sub-902323111/sub-902323111_ses-907144960_icephys.nwb,000636
907319401,sub-902323111/sub-902323111_ses-907319329_icephys.nwb,000636
907340770,sub-902323111/sub-902323111_ses-907340520_icephys.nwb,000636
907381584,sub-902323111/sub-902323111_ses-907381276_icephys.nwb,000636
907432910,sub-902323111/sub-902323111_ses-907432829_icephys.nwb,000636
907564709,sub-907501068/sub-907501068_ses-907564597_icephys.nwb,000636
907573930,sub-907501068/sub-907501068_ses-907573806_icephys.nwb,000636
907584932,sub-907501068/sub-907501068_ses-907584826_icephys.nwb,000636
907585117,sub-907501068/sub-907501068_ses-907584983_icephys.nwb,000636
907597822,sub-907501068/sub-907501068_ses-907597657_icephys.nwb,000636
910298914,sub-907501068/sub-907501068_ses-910298720_icephys.nwb,000636
910319720,sub-907501068/sub-907501068_ses-910319653_icephys.nwb,000636
910335511,sub-907501068/sub-907501068_ses-910335384_icephys.nwb,000636
910352585,sub-907501068/sub-907501068_ses-910352435_icephys.nwb,000636
910352713,sub-907501068/sub-907501068_ses-910352638_icephys.nwb,000636
910408293,sub-907501068/sub-907501068_ses-910408142_icephys.nwb,000636
910434386,sub-907501068/sub-907501068_ses-910434305_icephys.nwb,000636
910459920,sub-907501068/sub-907501068_ses-910459748_icephys.nwb,000636
910477870,sub-907501068/sub-907501068_ses-910477695_icephys.nwb,000636
910809819,sub-907501068/sub-907501068_ses-910809635_icephys.nwb,000636
910813553,sub-907501068/sub-907501068_ses-910813336_icephys.nwb,000636
910817938,sub-907501068/sub-907501068_ses-910817683_icephys.nwb,000636
911028006,sub-902323111/sub-902323111_ses-911027827_icephys.nwb,000636
911043355,sub-910872916/sub-910872916_ses-911043175_icephys.nwb,000636
912009356,sub-907501068/sub-907501068_ses-912009042_icephys.nwb,000636
912064387,sub-907501068/sub-907501068_ses-912063850_icephys.nwb,000636
912201392,sub-907501068/sub-907501068_ses-912201092_icephys.nwb,000636
912228599,sub-907501068/sub-907501068_ses-912228391_icephys.nwb,000636
912290093,sub-907501068/sub-907501068_ses-912289929_icephys.nwb,000636
912335855,sub-907501068/sub-907501068_ses-912335658_icephys.nwb,000636
912369270,sub-907501068/sub-907501068_ses-912369140_icephys.nwb,000636
914257629,sub-907501068/sub-907501068_ses-914257522_icephys.nwb,000636
914342437,sub-907501068/sub-907501068_ses-914342344_icephys.nwb,000636
914354833,sub-907501068/sub-907501068_ses-914354777_icephys.nwb,000636
914356072,sub-907501068/sub-907501068_ses-914355964_icephys.nwb,000636
914397039,sub-907501068/sub-907501068_ses-914396880_icephys.nwb,000636
914712108,sub-914686740/sub-914686740_ses-914711980_icephys.nwb,000636
914722438,sub-914686740/sub-914686740_ses-914722342_icephys.nwb,000636
914732485,sub-914686740/sub-914686740_ses-914732384_icephys.nwb,000636
914826774,sub-914686740/sub-914686740_ses-914826681_icephys.nwb,000636
914845838,sub-914686740/sub-914686740_ses-914845679_icephys.nwb,000636
914850402,sub-914686740/sub-914686740_ses-914850227_icephys.nwb,000636
914862924,sub-914686740/sub-914686740_ses-914862776_icephys.nwb,000636
920031565,sub-914686740/sub-914686740_ses-920031365_icephys.nwb,000636
923084897,sub-922967568/sub-922967568_ses-923084783_icephys.nwb,000636
925319497,sub-925115441/sub-925115441_ses-925319144_icephys.nwb,000636
925551021,sub-925115441/sub-925115441_ses-925550764_icephys.nwb,000636
925586664,sub-925115441/sub-925115441_ses-925586344_icephys.nwb,000636
925619880,sub-925115441/sub-925115441_ses-925619620_icephys.nwb,000636
928357681,sub-925115441/sub-925115441_ses-928357299_icephys.nwb,000636
928374379,sub-925115441/sub-925115441_ses-928374037_icephys.nwb,000636
928381323,sub-925115441/sub-925115441_ses-928381011_icephys.nwb,000636
931984814,sub-925115441/sub-925115441_ses-931983750_icephys.nwb,000636
932027719,sub-925115441/sub-925115441_ses-932027144_icephys.nwb,000636
932072449,sub-925115441/sub-925115441_ses-932072062_icephys.nwb,000636
932161443,sub-925115441/sub-925115441_ses-932161154_icephys.nwb,000636
932241332,sub-925115441/sub-925115441_ses-932241101_icephys.nwb,000636
933111468,sub-932737114/sub-932737114_ses-933111103_icephys.nwb,000636
937468024,sub-932737114/sub-932737114_ses-937467800_icephys.nwb,000636
937690827,sub-932737114/sub-932737114_ses-937690234_icephys.nwb,000636
937733292,sub-932737114/sub-932737114_ses-937733055_icephys.nwb,000636
937807644,sub-932737114/sub-932737114_ses-937807317_icephys.nwb,000636
939536264,sub-932737114/sub-932737114_ses-939536212_icephys.nwb,000636
939729613,sub-932737114/sub-932737114_ses-939729221_icephys.nwb,000636
939978313,sub-932737114/sub-932737114_ses-939977608_icephys.nwb,000636
940059354,sub-932737114/sub-932737114_ses-940058800_icephys.nwb,000636
940142373,sub-932737114/sub-932737114_ses-940142017_icephys.nwb,000636
940177307,sub-932737114/sub-932737114_ses-940176908_icephys.nwb,000636
941707648,sub-940797963/sub-940797963_ses-941707372_icephys.nwb,000636
941766397,sub-940797963/sub-940797963_ses-941766168_icephys.nwb,000636
941803049,sub-940797963/sub-940797963_ses-941802953_icephys.nwb,000636
941837335,sub-940797963/sub-940797963_ses-941837027_icephys.nwb,000636
941862585,sub-940797963/sub-940797963_ses-941862403_icephys.nwb,000636
941896404,sub-940797963/sub-940797963_ses-941896067_icephys.nwb,000636
941919377,sub-940797963/sub-940797963_ses-941919244_icephys.nwb,000636
941982251,sub-940797963/sub-940797963_ses-941981967_icephys.nwb,000636
944811547,sub-940797963/sub-940797963_ses-944811206_icephys.nwb,000636
944876623,sub-940797963/sub-940797963_ses-944876110_icephys.nwb,000636
944899923,sub-940797963/sub-940797963_ses-944899511_icephys.nwb,000636
954070746,sub-949398083/sub-949398083_ses-954070103_icephys.nwb,000636
954180988,sub-949398083/sub-949398083_ses-954180753_icephys.nwb,000636
954195973,sub-949398083/sub-949398083_ses-954195762_icephys.nwb,000636
954206383,sub-949398083/sub-949398083_ses-954206290_icephys.nwb,000636
954213522,sub-949398083/sub-949398083_ses-954213380_icephys.nwb,000636
954223216,sub-949398083/sub-949398083_ses-954223159_icephys.nwb,000636
954254588,sub-949398083/sub-949398083_ses-954254551_icephys.nwb,000636
954261081,sub-949398083/sub-949398083_ses-954260983_icephys.nwb,000636
954262091,sub-949398083/sub-949398083_ses-954261962_icephys.nwb,000636
960630346,sub-956866262/sub-956866262_ses-960630106_icephys.nwb,000636
960677367,sub-956866262/sub-956866262_ses-960677014_icephys.nwb,000636
960702599,sub-956866262/sub-956866262_ses-960702357_icephys.nwb,000636
960790148,sub-956866262/sub-956866262_ses-960789211_icephys.nwb,000636
960829759,sub-956866262/sub-956866262_ses-960829480_icephys.nwb,000636
960863748,sub-956866262/sub-956866262_ses-960863461_icephys.nwb,000636
960878503,sub-956866262/sub-956866262_ses-960878338_icephys.nwb,000636
960890813,sub-956866262/sub-956866262_ses-960890640_icephys.nwb,000636
966553887,sub-965157881/sub-965157881_ses-966553616_icephys.nwb,000636
966584961,sub-965157881/sub-965157881_ses-966584680_icephys.nwb,000636
966616798,sub-965157881/sub-965157881_ses-966616535_icephys.nwb,000636
966905488,sub-965157881/sub-965157881_ses-966905414_icephys.nwb,000636
966910744,sub-965157881/sub-965157881_ses-966910704_icephys.nwb,000636
967517108,sub-964127089/sub-964127089_ses-967516647_icephys.nwb,000636
967540207,sub-964127089/sub-964127089_ses-967540022_icephys.nwb,000636
967644808,sub-964127089/sub-964127089_ses-967644437_icephys.nwb,000636
967660592,sub-964127089/sub-964127089_ses-967660413_icephys.nwb,000636
983385090,sub-977091139/sub-977091139_ses-983384648_icephys.nwb,000636
983550265,sub-977091139/sub-977091139_ses-983550108_icephys.nwb,000636
992036174,sub-991969173/sub-991969173_ses-992036156_icephys.nwb,000636
993962202,sub-992398727/sub-992398727_ses-993962186_icephys.nwb,000636
993966434,sub-992398727/sub-992398727_ses-993966420_icephys.nwb,000636
993967133,sub-992398727/sub-992398727_ses-993967110_icephys.nwb,000636
993972764,sub-992398727/sub-992398727_ses-993972749_icephys.nwb,000636
993980715,sub-992398727/sub-992398727_ses-993980702_icephys.nwb,000636
993980747,sub-992398727/sub-992398727_ses-993980729_icephys.nwb,000636
993983595,sub-992398727/sub-992398727_ses-993983582_icephys.nwb,000636
993996659,sub-992398727/sub-992398727_ses-993996643_icephys.nwb,000636
994735777,sub-992398727/sub-992398727_ses-994735761_icephys.nwb,000636
994739909,sub-992398727/sub-992398727_ses-994739889_icephys.nwb,000636
1000781442,sub-1000181910/sub-1000181910_ses-1000781418_icephys.nwb,000636
1001424628,sub-1000181910/sub-1000181910_ses-1001424563_icephys.nwb,000636
1001431838,sub-1000181910/sub-1000181910_ses-1001431743_icephys.nwb,000636
1001443352,sub-1000181910/sub-1000181910_ses-1001443326_icephys.nwb,000636
1001454188,sub-1000181910/sub-1000181910_ses-1001454161_icephys.nwb,000636
1001469848,sub-1001372857/sub-1001372857_ses-1001469827_icephys.nwb,000636
1001482602,sub-1000181910/sub-1000181910_ses-1001482577_icephys.nwb,000636
1001490374,sub-1000181910/sub-1000181910_ses-1001490352_icephys.nwb,000636
1001503145,sub-1000181910/sub-1000181910_ses-1001503119_icephys.nwb,000636
1001514155,sub-1000181910/sub-1000181910_ses-1001514132_icephys.nwb,000636
1001520358,sub-1000181910/sub-1000181910_ses-1001520339_icephys.nwb,000636
1002181897,sub-1000610030/sub-1000610030_ses-1002181694_icephys.nwb,000636
1002208154,sub-1000610030/sub-1000610030_ses-1002208108_icephys.nwb,000636
1002212559,sub-1000610030/sub-1000610030_ses-1002212371_icephys.nwb,000636
1002227446,sub-1000610030/sub-1000610030_ses-1002227303_icephys.nwb,000636
1002239828,sub-1000610030/sub-1000610030_ses-1002239709_icephys.nwb,000636
1002250612,sub-1000610030/sub-1000610030_ses-1002250552_icephys.nwb,000636
1002456795,sub-1001372857/sub-1001372857_ses-1002456663_icephys.nwb,000636
1002470325,sub-1001372857/sub-1001372857_ses-1002470172_icephys.nwb,000636
1002482616,sub-1001372857/sub-1001372857_ses-1002482512_icephys.nwb,000636
1002527273,sub-1001372857/sub-1001372857_ses-1002527260_icephys.nwb,000636
1002531918,sub-1001372857/sub-1001372857_ses-1002531904_icephys.nwb,000636
1002550949,sub-1001372857/sub-1001372857_ses-1002550936_icephys.nwb,000636
1002945840,sub-1001372857/sub-1001372857_ses-1002945730_icephys.nwb,000636
1002946758,sub-1001372857/sub-1001372857_ses-1002946578_icephys.nwb,000636
1002953846,sub-1001372857/sub-1001372857_ses-1002953802_icephys.nwb,000636
1002957420,sub-1000610030/sub-1000610030_ses-1002957236_icephys.nwb,000636
1002962250,sub-1001372857/sub-1001372857_ses-1002962014_icephys.nwb,000636
1002969911,sub-1000610030/sub-1000610030_ses-1002969786_icephys.nwb,000636
1002982945,sub-1000610030/sub-1000610030_ses-1002982816_icephys.nwb,000636
1002995498,sub-1000610030/sub-1000610030_ses-1002995368_icephys.nwb,000636
1003020716,sub-1000610030/sub-1000610030_ses-1003020600_icephys.nwb,000636
1003030489,sub-1000610030/sub-1000610030_ses-1003030377_icephys.nwb,000636
1003259854,sub-1001372857/sub-1001372857_ses-1003259740_icephys.nwb,000636
1003264853,sub-1001372857/sub-1001372857_ses-1003264747_icephys.nwb,000636
1003269571,sub-1001372857/sub-1001372857_ses-1003269470_icephys.nwb,000636
1003269690,sub-1001372857/sub-1001372857_ses-1003269641_icephys.nwb,000636
1003299699,sub-1001372857/sub-1001372857_ses-1003299623_icephys.nwb,000636
1003307009,sub-1001372857/sub-1001372857_ses-1003306867_icephys.nwb,000636
1003341771,sub-1001372857/sub-1001372857_ses-1003341757_icephys.nwb,000636
1003348597,sub-1001372857/sub-1001372857_ses-1003348581_icephys.nwb,000636
1003355413,sub-1001372857/sub-1001372857_ses-1003355399_icephys.nwb,000636
1003358660,sub-1001372857/sub-1001372857_ses-1003358646_icephys.nwb,000636
1005096914,sub-1005024327/sub-1005024327_ses-1005096897_icephys.nwb,000636
1005640592,sub-1005024327/sub-1005024327_ses-1005640537_icephys.nwb,000636
1005663809,sub-1005024327/sub-1005024327_ses-1005663793_icephys.nwb,000636
1005669099,sub-1005024327/sub-1005024327_ses-1005669083_icephys.nwb,000636
1005671046,sub-1005024327/sub-1005024327_ses-1005671030_icephys.nwb,000636
1005674411,sub-1005024327/sub-1005024327_ses-1005674395_icephys.nwb,000636
1005680527,sub-1005024327/sub-1005024327_ses-1005680446_icephys.nwb,000636
1005683610,sub-1005024327/sub-1005024327_ses-1005683586_icephys.nwb,000636
1005684880,sub-1005024327/sub-1005024327_ses-1005684864_icephys.nwb,000636
1005689313,sub-1005024327/sub-1005024327_ses-1005689190_icephys.nwb,000636
1005691088,sub-1005024327/sub-1005024327_ses-1005691069_icephys.nwb,000636
1006385892,sub-1005024327/sub-1005024327_ses-1006385741_icephys.nwb,000636
1010235793,sub-1010207282/sub-1010207282_ses-1010235650_icephys.nwb,000636
1025597453,sub-1025146065/sub-1025146065_ses-1025597366_icephys.nwb,000636
1025601635,sub-1025146065/sub-1025146065_ses-1025601587_icephys.nwb,000636
1025606094,sub-1025146065/sub-1025146065_ses-1025606015_icephys.nwb,000636
1025615047,sub-1025146065/sub-1025146065_ses-1025615034_icephys.nwb,000636
1026382124,sub-1025146065/sub-1025146065_ses-1026382107_icephys.nwb,000636
1026387516,sub-1025146065/sub-1025146065_ses-1026387446_icephys.nwb,000636
1026391185,sub-1025146065/sub-1025146065_ses-1026391108_icephys.nwb,000636
1026398525,sub-1025146065/sub-1025146065_ses-1026398426_icephys.nwb,000636
1026542489,sub-1025146065/sub-1025146065_ses-1026542456_icephys.nwb,000636
1026546926,sub-1025146065/sub-1025146065_ses-1026546915_icephys.nwb,000636
1026549641,sub-1025146065/sub-1025146065_ses-1026549629_icephys.nwb,000636
1026553729,sub-1025146065/sub-1025146065_ses-1026553685_icephys.nwb,000636
1027217704,sub-1025146065/sub-1025146065_ses-1027217656_icephys.nwb,000636
1027239387,sub-1025146065/sub-1025146065_ses-1027239344_icephys.nwb,000636
1027257544,sub-1025146065/sub-1025146065_ses-1027257475_icephys.nwb,000636
1027446575,sub-1026212250/sub-1026212250_ses-1027446425_icephys.nwb,000636
1027550541,sub-1026212250/sub-1026212250_ses-1027550486_icephys.nwb,000636
1030932602,sub-1029212302/sub-1029212302_ses-1030932551_icephys.nwb,000636
1030953980,sub-1029212302/sub-1029212302_ses-1030953959_icephys.nwb,000636
1030965115,sub-1029212302/sub-1029212302_ses-1030965103_icephys.nwb,000636
1030975905,sub-1029212302/sub-1029212302_ses-1030975891_icephys.nwb,000636
1030983197,sub-1029212302/sub-1029212302_ses-1030983184_icephys.nwb,000636
1033067913,sub-1032184063/sub-1032184063_ses-1033067786_icephys.nwb,000636
1033090409,sub-1032184063/sub-1032184063_ses-1033090269_icephys.nwb,000636
1033142471,sub-1032184063/sub-1032184063_ses-1033142329_icephys.nwb,000636
1033783568,sub-1032184063/sub-1032184063_ses-1033783453_icephys.nwb,000636
1034480729,sub-1032184063/sub-1032184063_ses-1034480716_icephys.nwb,000636
1034683618,sub-1032184063/sub-1032184063_ses-1034683499_icephys.nwb,000636
1036864801,sub-1036289507/sub-1036289507_ses-1036864703_icephys.nwb,000636
1037441788,sub-1036289507/sub-1036289507_ses-1037441605_icephys.nwb,000636
1037451618,sub-1036289507/sub-1036289507_ses-1037451533_icephys.nwb,000636
1037452707,sub-1036289507/sub-1036289507_ses-1037452626_icephys.nwb,000636
1037461069,sub-1036289507/sub-1036289507_ses-1037460966_icephys.nwb,000636
1037468224,sub-1036289507/sub-1036289507_ses-1037468184_icephys.nwb,000636
1037480956,sub-1036289507/sub-1036289507_ses-1037480901_icephys.nwb,000636
1037485766,sub-1036289507/sub-1036289507_ses-1037485738_icephys.nwb,000636
1037501595,sub-1036289507/sub-1036289507_ses-1037501409_icephys.nwb,000636
1037666387,sub-1036289507/sub-1036289507_ses-1037666374_icephys.nwb,000636
1037668805,sub-1036289507/sub-1036289507_ses-1037668793_icephys.nwb,000636
1037672756,sub-1036289507/sub-1036289507_ses-1037672709_icephys.nwb,000636
1037673779,sub-1036289507/sub-1036289507_ses-1037673721_icephys.nwb,000636
1037700641,sub-1036289507/sub-1036289507_ses-1037700459_icephys.nwb,000636
1037734707,sub-1036289507/sub-1036289507_ses-1037734633_icephys.nwb,000636
1037740327,sub-1036289507/sub-1036289507_ses-1037740307_icephys.nwb,000636
1037749730,sub-1036289507/sub-1036289507_ses-1037749717_icephys.nwb,000636
1037762348,sub-1036289507/sub-1036289507_ses-1037762336_icephys.nwb,000636
1037771118,sub-1036289507/sub-1036289507_ses-1037771107_icephys.nwb,000636
1037916856,sub-1036289507/sub-1036289507_ses-1037916769_icephys.nwb,000636
1037948195,sub-1036289507/sub-1036289507_ses-1037948172_icephys.nwb,000636
1037964691,sub-1036289507/sub-1036289507_ses-1037964674_icephys.nwb,000636
1039066315,sub-1036289507/sub-1036289507_ses-1039066172_icephys.nwb,000636
1040830966,sub-1039120564/sub-1039120564_ses-1040830902_icephys.nwb,000636
1040850294,sub-1039120564/sub-1039120564_ses-1040850279_icephys.nwb,000636
1040861606,sub-1039120564/sub-1039120564_ses-1040861588_icephys.nwb,000636
1040862623,sub-1039120564/sub-1039120564_ses-1040862606_icephys.nwb,000636
1040865856,sub-1039120564/sub-1039120564_ses-1040865846_icephys.nwb,000636
1041062028,sub-1039120564/sub-1039120564_ses-1041062014_icephys.nwb,000636
1041074452,sub-1039120564/sub-1039120564_ses-1041074435_icephys.nwb,000636
1049236656,sub-1048208693/sub-1048208693_ses-1049236627_icephys.nwb,000636
1049237275,sub-1048208693/sub-1048208693_ses-1049237248_icephys.nwb,000636
1049238985,sub-1048208693/sub-1048208693_ses-1049238965_icephys.nwb,000636
1049246844,sub-1048208693/sub-1048208693_ses-1049246820_icephys.nwb,000636
1049260236,sub-1048208693/sub-1048208693_ses-1049260222_icephys.nwb,000636
1049265044,sub-1048208693/sub-1048208693_ses-1049264939_icephys.nwb,000636
1053301349,sub-1052597362/sub-1052597362_ses-1053301264_icephys.nwb,000636
1053315308,sub-1052597362/sub-1052597362_ses-1053315279_icephys.nwb,000636
1054187016,sub-1052597362/sub-1052597362_ses-1054186694_icephys.nwb,000636
1057811100,sub-1056763709/sub-1056763709_ses-1057811075_icephys.nwb,000636
1057846127,sub-1056763709/sub-1056763709_ses-1057845854_icephys.nwb,000636
1057879484,sub-1056763709/sub-1056763709_ses-1057879309_icephys.nwb,000636
1057891487,sub-1056763709/sub-1056763709_ses-1057891427_icephys.nwb,000636
1057897713,sub-1056763709/sub-1056763709_ses-1057897691_icephys.nwb,000636
1058146913,sub-1056763709/sub-1056763709_ses-1058146468_icephys.nwb,000636
1058193059,sub-1056763709/sub-1056763709_ses-1058192742_icephys.nwb,000636
1059241121,sub-1058766119/sub-1058766119_ses-1059241097_icephys.nwb,000636
1059245963,sub-1058766119/sub-1058766119_ses-1059245935_icephys.nwb,000636
1059677200,sub-1056763709/sub-1056763709_ses-1059677171_icephys.nwb,000636
1059710235,sub-1056763709/sub-1056763709_ses-1059710151_icephys.nwb,000636
1059924769,sub-1056763709/sub-1056763709_ses-1059924731_icephys.nwb,000636
1060105621,sub-1058766119/sub-1058766119_ses-1060105395_icephys.nwb,000636
1060125413,sub-1058766119/sub-1058766119_ses-1060125335_icephys.nwb,000636
1060128853,sub-1058766119/sub-1058766119_ses-1060128679_icephys.nwb,000636
1060130910,sub-1058766119/sub-1058766119_ses-1060130799_icephys.nwb,000636
1060138956,sub-1058766119/sub-1058766119_ses-1060138830_icephys.nwb,000636
1060152778,sub-1058766119/sub-1058766119_ses-1060152679_icephys.nwb,000636
1060163367,sub-1058766119/sub-1058766119_ses-1060163328_icephys.nwb,000636
1060169142,sub-1058766119/sub-1058766119_ses-1060169090_icephys.nwb,000636
1061691056,sub-1058766119/sub-1058766119_ses-1061691036_icephys.nwb,000636
1061696800,sub-1058766119/sub-1058766119_ses-1061696358_icephys.nwb,000636
1061720975,sub-1058766119/sub-1058766119_ses-1061720904_icephys.nwb,000636
1061726425,sub-1058766119/sub-1058766119_ses-1061726321_icephys.nwb,000636
1061737671,sub-1058766119/sub-1058766119_ses-1061737549_icephys.nwb,000636
1065886304,sub-1064223281/sub-1064223281_ses-1065886088_icephys.nwb,000636
1065894072,sub-1064223281/sub-1064223281_ses-1065893886_icephys.nwb,000636
1065913190,sub-1064223281/sub-1064223281_ses-1065913171_icephys.nwb,000636
1065914798,sub-1064223281/sub-1064223281_ses-1065914773_icephys.nwb,000636
1065922963,sub-1064223281/sub-1064223281_ses-1065922926_icephys.nwb,000636
1065928239,sub-1064223281/sub-1064223281_ses-1065928212_icephys.nwb,000636
1065936621,sub-1064223281/sub-1064223281_ses-1065936551_icephys.nwb,000636
1065936710,sub-1064223281/sub-1064223281_ses-1065936638_icephys.nwb,000636
1067582692,sub-1064223281/sub-1064223281_ses-1067582540_icephys.nwb,000636
1067599469,sub-1064223281/sub-1064223281_ses-1067599440_icephys.nwb,000636
1067604979,sub-1064223281/sub-1064223281_ses-1067604954_icephys.nwb,000636
1067615877,sub-1064223281/sub-1064223281_ses-1067615847_icephys.nwb,000636
1067628255,sub-1064223281/sub-1064223281_ses-1067628226_icephys.nwb,000636
1068968163,sub-1068001195/sub-1068001195_ses-1068967954_icephys.nwb,000636
1069000230,sub-1068001195/sub-1068001195_ses-1069000159_icephys.nwb,000636
1069007585,sub-1068001195/sub-1068001195_ses-1069007530_icephys.nwb,000636
1069013826,sub-1068001195/sub-1068001195_ses-1069013759_icephys.nwb,000636
1069242387,sub-1067593183/sub-1067593183_ses-1069242291_icephys.nwb,000636
1069247301,sub-1067593183/sub-1067593183_ses-1069247264_icephys.nwb,000636
1069256863,sub-1067593183/sub-1067593183_ses-1069256820_icephys.nwb,000636
1069261457,sub-1067593183/sub-1067593183_ses-1069261412_icephys.nwb,000636
1069274590,sub-1067593183/sub-1067593183_ses-1069274565_icephys.nwb,000636
1069676443,sub-1068001195/sub-1068001195_ses-1069676135_icephys.nwb,000636
1069682267,sub-1068001195/sub-1068001195_ses-1069681999_icephys.nwb,000636
1069699813,sub-1068001195/sub-1068001195_ses-1069699788_icephys.nwb,000636
1069706722,sub-1068001195/sub-1068001195_ses-1069706289_icephys.nwb,000636
1069738388,sub-1068001195/sub-1068001195_ses-1069738009_icephys.nwb,000636
1069754457,sub-1068001195/sub-1068001195_ses-1069754067_icephys.nwb,000636
1069767325,sub-1068001195/sub-1068001195_ses-1069767138_icephys.nwb,000636
1072170652,sub-1071318215/sub-1071318215_ses-1072170441_icephys.nwb,000636
1076084876,sub-1075344016/sub-1075344016_ses-1076084816_icephys.nwb,000636
1076094187,sub-1075344016/sub-1075344016_ses-1076094125_icephys.nwb,000636
1076106449,sub-1075344016/sub-1075344016_ses-1076106423_icephys.nwb,000636
1076124492,sub-1075344016/sub-1075344016_ses-1076124381_icephys.nwb,000636
1076129774,sub-1075344016/sub-1075344016_ses-1076129743_icephys.nwb,000636
1076647038,sub-1075344016/sub-1075344016_ses-1076647013_icephys.nwb,000636
1077530486,sub-1075906058/sub-1075906058_ses-1077530458_icephys.nwb,000636
1077533581,sub-1075906058/sub-1075906058_ses-1077533543_icephys.nwb,000636
1079573757,sub-1078812471/sub-1078812471_ses-1079573610_icephys.nwb,000636
1080588741,sub-1078812471/sub-1078812471_ses-1080588510_icephys.nwb,000636
1080613758,sub-1078812471/sub-1078812471_ses-1080613603_icephys.nwb,000636
1086233130,sub-1084222307/sub-1084222307_ses-1086233100_icephys.nwb,000636
1086237060,sub-1084222307/sub-1084222307_ses-1086237033_icephys.nwb,000636
1089078118,sub-1089025641/sub-1089025641_ses-1089078076_icephys.nwb,000636
1103632482,sub-1102806080/sub-1102806080_ses-1103632304_icephys.nwb,000636
1103641691,sub-1102806080/sub-1102806080_ses-1103641471_icephys.nwb,000636
1104092251,sub-1102847412/sub-1102847412_ses-1104092216_icephys.nwb,000636
1041081551,sub-1039120564/sub-1039120564_ses-1041081536_icephys.nwb,000636
1067605482,sub-1064223281/sub-1064223281_ses-1067605454_icephys.nwb,000636
1069216574,sub-1067593183/sub-1067593183_ses-1069216334_icephys.nwb,000636
1079568285,sub-1078812471/sub-1078812471_ses-1079568103_icephys.nwb,000636
685821059,sub-685740095/sub-685740095_ses-685821046_icephys.nwb,000636
689360084,sub-689168779/sub-689168779_ses-689360052_icephys.nwb,000636
797048104,sub-793165711/sub-793165711_ses-797047730_icephys.nwb,000636
839239569,sub-837533189/sub-837533189_ses-839239538_icephys.nwb,000636
848672037,sub-846404050/sub-846404050_ses-848672017_icephys.nwb,000636
839897427,sub-839796862/sub-839796862_ses-839897299_icephys.nwb,000630
839918826,sub-839796862/sub-839796862_ses-839918580_icephys.nwb,000630
840146916,sub-839796862/sub-839796862_ses-840146894_icephys.nwb,000630
653907140,sub-653718968/sub-653718968_ses-653907127_icephys.nwb,000630
654341386,sub-653718968/sub-653718968_ses-654340992_icephys.nwb,000630
721688585,sub-720619787/sub-720619787_ses-721688570_icephys.nwb,000630
811837476,sub-811677083/sub-811677083_ses-811837270_icephys.nwb,000630
832614788,sub-832340431/sub-832340431_ses-832614721_icephys.nwb,000630
835572687,sub-835477230/sub-835477230_ses-835572569_icephys.nwb,000630
835648767,sub-835477230/sub-835477230_ses-835648738_icephys.nwb,000630
839950125,sub-839796862/sub-839796862_ses-839950047_icephys.nwb,000630
839970928,sub-839796862/sub-839796862_ses-839970836_icephys.nwb,000630
1010240295,sub-1010207282/sub-1010207282_ses-1010240278_icephys.nwb,000630
672186592,sub-672118436/sub-672118436_ses-672186579_icephys.nwb,000630
712885453,sub-712700908/sub-712700908_ses-712885392_icephys.nwb,000630
880209298,sub-879881396/sub-879881396_ses-880209119_icephys.nwb,000630
832731991,sub-832340431/sub-832340431_ses-832731928_icephys.nwb,000630
902511379,sub-902323111/sub-902323111_ses-902511350_icephys.nwb,000630
1005127787,sub-1005024327/sub-1005024327_ses-1005127773_icephys.nwb,000630
911007428,sub-910872916/sub-910872916_ses-911007218_icephys.nwb,000630
805751552,sub-805678822/sub-805678822_ses-805751525_icephys.nwb,000630
674620956,sub-674562997/sub-674562997_ses-674620943_icephys.nwb,000630
811953283,sub-811677083/sub-811677083_ses-811953264_icephys.nwb,000630
548480353,sub-548298531/sub-548298531_ses-548480228_icephys.nwb,000630
840043506,sub-839796862/sub-839796862_ses-840043481_icephys.nwb,000630
602201902,sub-601901227/sub-601901227_ses-602201875_icephys.nwb,000630
811830358,sub-811677083/sub-811677083_ses-811830262_icephys.nwb,000630
1001478009,sub-1001372857/sub-1001372857_ses-1001477951_icephys.nwb,000630
840142358,sub-839796862/sub-839796862_ses-840142339_icephys.nwb,000630
811800886,sub-811677083/sub-811677083_ses-811800576_icephys.nwb,000630
840021589,sub-839796862/sub-839796862_ses-840021359_icephys.nwb,000630
854528751,sub-854418264/sub-854418264_ses-854528421_icephys.nwb,000630
854622053,sub-854418264/sub-854418264_ses-854621770_icephys.nwb,000630
653810044,sub-653718968/sub-653718968_ses-653810027_icephys.nwb,000630
840065347,sub-839796862/sub-839796862_ses-840065325_icephys.nwb,000630
923103580,sub-922967568/sub-922967568_ses-923103553_icephys.nwb,000630
674636925,sub-674562997/sub-674562997_ses-674636843_icephys.nwb,000630
811932153,sub-811677083/sub-811677083_ses-811932120_icephys.nwb,000630
811969059,sub-811677083/sub-811677083_ses-811969040_icephys.nwb,000630
835615172,sub-835477230/sub-835477230_ses-835615124_icephys.nwb,000630
835699648,sub-835477230/sub-835477230_ses-835699620_icephys.nwb,000630
835704076,sub-835477230/sub-835477230_ses-835704054_icephys.nwb,000630
839923944,sub-839796862/sub-839796862_ses-839923820_icephys.nwb,000630
840062001,sub-839796862/sub-839796862_ses-840061977_icephys.nwb,000630
854543457,sub-854418264/sub-854418264_ses-854543192_icephys.nwb,000630
854643458,sub-854418264/sub-854418264_ses-854643431_icephys.nwb,000630
911052828,sub-910872916/sub-910872916_ses-911052626_icephys.nwb,000630
992002179,sub-991969173/sub-991969173_ses-992002153_icephys.nwb,000630
992007032,sub-991969173/sub-991969173_ses-992007016_icephys.nwb,000630
1001422905,sub-1001372857/sub-1001372857_ses-1001422850_icephys.nwb,000630
1001469892,sub-1001372857/sub-1001372857_ses-1001469863_icephys.nwb,000630
1001483877,sub-1001372857/sub-1001372857_ses-1001483851_icephys.nwb,000630
653810423,sub-653718968/sub-653718968_ses-653810405_icephys.nwb,000630
665703417,sub-665691251/sub-665691251_ses-665703339_icephys.nwb,000630
689323128,sub-689168779/sub-689168779_ses-689323115_icephys.nwb,000630
689356645,sub-689168779/sub-689168779_ses-689356632_icephys.nwb,000630
839934796,sub-839796862/sub-839796862_ses-839934676_icephys.nwb,000630
880290357,sub-879881396/sub-879881396_ses-880290309_icephys.nwb,000630
880294329,sub-879881396/sub-879881396_ses-880294301_icephys.nwb,000630
880301817,sub-879881396/sub-879881396_ses-880301790_icephys.nwb,000630
1122718478,sub-1122692698/sub-1122692698_ses-1122718412_icephys.nwb,000630
1122740229,sub-1122692698/sub-1122692698_ses-1122740196_icephys.nwb,000630
1122746005,sub-1122692698/sub-1122692698_ses-1122745954_icephys.nwb,000630
672646316,sub-672637567/sub-672637567_ses-672646303_icephys.nwb,000630
672665039,sub-672637567/sub-672637567_ses-672665026_icephys.nwb,000630
700782141,sub-700619648/sub-700619648_ses-700782000_icephys.nwb,000630
770249872,sub-770227957/sub-770227957_ses-770249836_icephys.nwb,000630
805743217,sub-805678822/sub-805678822_ses-805743190_icephys.nwb,000630
812021957,sub-811677083/sub-811677083_ses-812021934_icephys.nwb,000630
832670765,sub-832340431/sub-832340431_ses-832670745_icephys.nwb,000630
835631800,sub-835477230/sub-835477230_ses-835631731_icephys.nwb,000630
835857228,sub-835477230/sub-835477230_ses-835856969_icephys.nwb,000630
835859530,sub-835477230/sub-835477230_ses-835859370_icephys.nwb,000630
880209093,sub-879881396/sub-879881396_ses-880208967_icephys.nwb,000630
880238289,sub-879881396/sub-879881396_ses-880238239_icephys.nwb,000630
880462484,sub-879881396/sub-879881396_ses-880462462_icephys.nwb,000630
880463884,sub-879881396/sub-879881396_ses-880463601_icephys.nwb,000630
880478829,sub-879881396/sub-879881396_ses-880478351_icephys.nwb,000630
911043548,sub-910872916/sub-910872916_ses-911043413_icephys.nwb,000630
992024771,sub-991969173/sub-991969173_ses-992024754_icephys.nwb,000630
1005097706,sub-1005024327/sub-1005024327_ses-1005097691_icephys.nwb,000630
1010273140,sub-1010207282/sub-1010207282_ses-1010273126_icephys.nwb,000630
852678622,sub-852318897/sub-852318897_ses-852678594_icephys.nwb,000630
1122759850,sub-1122692698/sub-1122692698_ses-1122759713_icephys.nwb,000630
653864596,sub-653718968/sub-653718968_ses-653864460_icephys.nwb,000630
840088562,sub-839796862/sub-839796862_ses-840088521_icephys.nwb,000630
854615463,sub-854418264/sub-854418264_ses-854615040_icephys.nwb,000630
1001425139,sub-1001372857/sub-1001372857_ses-1001425093_icephys.nwb,000630
805728653,sub-805678822/sub-805678822_ses-805728630_icephys.nwb,000630
832529199,sub-832340431/sub-832340431_ses-832529152_icephys.nwb,000630
1005068102,sub-1005024327/sub-1005024327_ses-1005068088_icephys.nwb,000630
832635407,sub-832340431/sub-832340431_ses-832635173_icephys.nwb,000630
596893815,sub-596832620/sub-596832620_ses-596893802_icephys.nwb,000630
840111310,sub-839796862/sub-839796862_ses-840111112_icephys.nwb,000630
835596750,sub-835477230/sub-835477230_ses-835596639_icephys.nwb,000630
653894513,sub-653718968/sub-653718968_ses-653894438_icephys.nwb,000630
672659580,sub-672637567/sub-672637567_ses-672659194_icephys.nwb,000630
880145096,sub-879881396/sub-879881396_ses-880144891_icephys.nwb,000630
813695226,sub-813481439/sub-813481439_ses-813695198_icephys.nwb,000630
832689550,sub-832340431/sub-832340431_ses-832689531_icephys.nwb,000630
737989339,sub-737373545/sub-737373545_ses-737989324_icephys.nwb,000630
811899421,sub-811677083/sub-811677083_ses-811899372_icephys.nwb,000630
695521474,sub-695464588/sub-695464588_ses-695521408_icephys.nwb,000630
857469556,sub-857183962/sub-857183962_ses-857469463_icephys.nwb,000630
902487067,sub-902323111/sub-902323111_ses-902486943_icephys.nwb,000630
811830204,sub-811677083/sub-811677083_ses-811830124_icephys.nwb,000630
977186294,sub-977091139/sub-977091139_ses-977186103_icephys.nwb,000630
1010250639,sub-1010207282/sub-1010207282_ses-1010250626_icephys.nwb,000630
840047328,sub-839796862/sub-839796862_ses-840047307_icephys.nwb,000630
840079595,sub-839796862/sub-839796862_ses-840079573_icephys.nwb,000630
855382319,sub-854418264/sub-854418264_ses-855382059_icephys.nwb,000630
569883339,sub-569800644/sub-569800644_ses-569883325_icephys.nwb,000630
835611255,sub-835477230/sub-835477230_ses-835611167_icephys.nwb,000630
805729797,sub-805678822/sub-805678822_ses-805729773_icephys.nwb,000630
652081101,sub-651940947/sub-651940947_ses-652081075_icephys.nwb,000630
689300362,sub-689168779/sub-689168779_ses-689300349_icephys.nwb,000630
854629312,sub-854418264/sub-854418264_ses-854628916_icephys.nwb,000630
732178633,sub-731978186/sub-731978186_ses-732178620_icephys.nwb,000630
768893737,sub-768678784/sub-768678784_ses-768893700_icephys.nwb,000630
1154338548,sub-1154304730/sub-1154304730_ses-1154338526_icephys.nwb,000630
805771619,sub-805678822/sub-805678822_ses-805771597_icephys.nwb,000630
832599051,sub-832340431/sub-832340431_ses-832598999_icephys.nwb,000630
839968096,sub-839796862/sub-839796862_ses-839967735_icephys.nwb,000630
695494597,sub-695464588/sub-695464588_ses-695494584_icephys.nwb,000630
1005083233,sub-1005024327/sub-1005024327_ses-1005083132_icephys.nwb,000630
811889916,sub-811677083/sub-811677083_ses-811889847_icephys.nwb,000630
602196815,sub-601901227/sub-601901227_ses-602196772_icephys.nwb,000630
811804107,sub-811677083/sub-811677083_ses-811803942_icephys.nwb,000630
685814167,sub-685740095/sub-685740095_ses-685814154_icephys.nwb,000630
811922009,sub-811677083/sub-811677083_ses-811921991_icephys.nwb,000630
701071903,sub-700619648/sub-700619648_ses-701071858_icephys.nwb,000630
660491020,sub-660473566/sub-660473566_ses-660491006_icephys.nwb,000630
732784775,sub-731978186/sub-731978186_ses-732784657_icephys.nwb,000630
1122753415,sub-1122692698/sub-1122692698_ses-1122753392_icephys.nwb,000630
596902770,sub-596832620/sub-596832620_ses-596902756_icephys.nwb,000630
835635007,sub-835477230/sub-835477230_ses-835634831_icephys.nwb,000630
992028544,sub-991969173/sub-991969173_ses-992028521_icephys.nwb,000630
1005045365,sub-1005024327/sub-1005024327_ses-1005045342_icephys.nwb,000630
923113598,sub-922967568/sub-922967568_ses-923113568_icephys.nwb,000630
1005077560,sub-1005024327/sub-1005024327_ses-1005077548_icephys.nwb,000630
880175286,sub-879881396/sub-879881396_ses-880175032_icephys.nwb,000630
685771025,sub-685740095/sub-685740095_ses-685771012_icephys.nwb,000630
798060378,sub-797676582/sub-797676582_ses-798060118_icephys.nwb,000630
766791358,sub-766758349/sub-766758349_ses-766791344_icephys.nwb,000630
992032198,sub-991969173/sub-991969173_ses-992032183_icephys.nwb,000630
768891025,sub-768678784/sub-768678784_ses-768890937_icephys.nwb,000630
805732962,sub-805678822/sub-805678822_ses-805732930_icephys.nwb,000630
839901747,sub-839796862/sub-839796862_ses-839901711_icephys.nwb,000630
852671167,sub-852318897/sub-852318897_ses-852671147_icephys.nwb,000630
854564004,sub-854418264/sub-854418264_ses-854563868_icephys.nwb,000630
769331519,sub-768678784/sub-768678784_ses-769331047_icephys.nwb,000630
783622479,sub-783453365/sub-783453365_ses-783622434_icephys.nwb,000630
880343629,sub-879881396/sub-879881396_ses-880343582_icephys.nwb,000630
840136388,sub-839796862/sub-839796862_ses-840136365_icephys.nwb,000630
732141075,sub-731978186/sub-731978186_ses-732141062_icephys.nwb,000630
813730157,sub-813481439/sub-813481439_ses-813730092_icephys.nwb,000630
805740173,sub-805678822/sub-805678822_ses-805740144_icephys.nwb,000630
811861328,sub-811677083/sub-811677083_ses-811861065_icephys.nwb,000630
880991732,sub-880899813/sub-880899813_ses-880991701_icephys.nwb,000630
992017083,sub-991969173/sub-991969173_ses-992017065_icephys.nwb,000630
665695931,sub-665691251/sub-665691251_ses-665695908_icephys.nwb,000630
653038959,sub-653027578/sub-653027578_ses-653038946_icephys.nwb,000630
596907611,sub-596832620/sub-596832620_ses-596907532_icephys.nwb,000630
852671126,sub-852318897/sub-852318897_ses-852671104_icephys.nwb,000630
832544198,sub-832340431/sub-832340431_ses-832544177_icephys.nwb,000630
732127146,sub-731978186/sub-731978186_ses-732127133_icephys.nwb,000630
911011243,sub-910872916/sub-910872916_ses-911010854_icephys.nwb,000630
835578804,sub-835477230/sub-835477230_ses-835578575_icephys.nwb,000630
1005131537,sub-1005024327/sub-1005024327_ses-1005131522_icephys.nwb,000630
832594616,sub-832340431/sub-832340431_ses-832594509_icephys.nwb,000630
835615038,sub-835477230/sub-835477230_ses-835614900_icephys.nwb,000630
656921748,sub-656856430/sub-656856430_ses-656921363_icephys.nwb,000630
902498859,sub-902323111/sub-902323111_ses-902498711_icephys.nwb,000630
832785683,sub-832340431/sub-832340431_ses-832785657_icephys.nwb,000630
832565636,sub-832340431/sub-832340431_ses-832565599_icephys.nwb,000630
813703153,sub-813481439/sub-813481439_ses-813703051_icephys.nwb,000630
1001441596,sub-1001372857/sub-1001372857_ses-1001441446_icephys.nwb,000630
652075861,sub-651940947/sub-651940947_ses-652075828_icephys.nwb,000630
695565317,sub-695464588/sub-695464588_ses-695565304_icephys.nwb,000630
674605704,sub-674562997/sub-674562997_ses-674605669_icephys.nwb,000630
933081732,sub-932737114/sub-932737114_ses-933081536_icephys.nwb,000630
569844356,sub-569800644/sub-569800644_ses-569844238_icephys.nwb,000630
880167933,sub-879881396/sub-879881396_ses-880167657_icephys.nwb,000630
650130090,sub-648220984/sub-648220984_ses-650130075_icephys.nwb,000630
835693093,sub-835477230/sub-835477230_ses-835693070_icephys.nwb,000630
857650458,sub-857183962/sub-857183962_ses-857650299_icephys.nwb,000630
812033452,sub-811677083/sub-811677083_ses-812033426_icephys.nwb,000630
653032495,sub-653027578/sub-653027578_ses-653032473_icephys.nwb,000630
611901177,sub-611526465/sub-611526465_ses-611901143_icephys.nwb,000630
911130426,sub-910872916/sub-910872916_ses-911130395_icephys.nwb,000630
832590251,sub-832340431/sub-832340431_ses-832590194_icephys.nwb,000630
1005040181,sub-1005024327/sub-1005024327_ses-1005040168_icephys.nwb,000630
1005054510,sub-1005024327/sub-1005024327_ses-1005054479_icephys.nwb,000630
902449467,sub-902323111/sub-902323111_ses-902449420_icephys.nwb,000630
857657437,sub-857183962/sub-857183962_ses-857657409_icephys.nwb,000630
569871062,sub-569800644/sub-569800644_ses-569870997_icephys.nwb,000630
811956631,sub-811677083/sub-811677083_ses-811956607_icephys.nwb,000630
811923139,sub-811677083/sub-811677083_ses-811923120_icephys.nwb,000630
868243321,sub-868104622/sub-868104622_ses-868243054_icephys.nwb,000630
868257910,sub-868104622/sub-868104622_ses-868257748_icephys.nwb,000630
965241743,sub-965157881/sub-965157881_ses-965241723_icephys.nwb,000630
700843279,sub-700619648/sub-700619648_ses-700843135_icephys.nwb,000630
832712819,sub-832340431/sub-832340431_ses-832712668_icephys.nwb,000630
933108223,sub-932737114/sub-932737114_ses-933107970_icephys.nwb,000630
677063468,sub-676839274/sub-676839274_ses-677063273_icephys.nwb,000630
880463055,sub-879881396/sub-879881396_ses-880463024_icephys.nwb,000630
